text,uuid,sentiment_class
paketleme ve kargolama iyi. Ã¼rÃ¼ne ekran kartÄ± taktÄ±gÄ±mda ekran kartÄ± ve dahili ekran kartÄ± Ã§alÄ±ÅŸtÄ± ne kadar Ã§ok driverlarÄ±nÄ± indirip kurmayÄ± denesemde olmadÄ± en son ekran kartÄ±nÄ± Ã§Ä±karttÄ±m ve driverlar kuruldu ekran kartsÄ±z takÄ±lÄ±yorum Ã§ok iyi oldugunu pek sÃ¶yleyemem ama iÅŸ gÃ¶rÃ¼r,99db7856-2545-44d5-8125-a5d72bd2789b,2
ÃœrÃ¼n gÃ¼zel kargo geÃ§ Ã§Ä±ktÄ±,50cbcd00-c0ba-4d6e-afda-049c808361a0,2
"Malzeme kalitesi dÃ¼ÅŸÃ¼k bir Ã¼rÃ¼n. Uzun Ã¶mÃ¼rlÃ¼ olacaÄŸÄ±nÄ± dÃ¼ÅŸÃ¼nmÃ¼yorum.
Aktif kullanacaksanÄ±z baÅŸka Ã¼rÃ¼nlere bakmanÄ±zÄ± Ã¶neririm",5cfa9aae-58ba-4df7-b8da-9e9965977706,0
"ÃœrÃ¼nÃ¼nÃ¼ performansÄ± iyi yanlÄ±z hortum ve fÄ±rca aparatlarÄ± Ã§ok dayanÄ±ksÄ±z
hepsi buradadan aldÄ±m ve bir yÄ±lÄ± dolmadan ortum ve fÄ±rÃ§a aparatlarÄ± tamamen dÃ¶kÃ¼ldÃ¼. (hortumda kopma meydana geldi, fÄ±rca aparatlarÄ± kÄ±rÄ±ldÄ±)
almak isteyenlere duyurulur.",5d7850c7-870c-450b-813b-46320a635496,0
ÃœrÃ¼nÃ¼n okuma hÄ±zÄ± 537 MB/saniyeyi gÃ¶rÃ¼yor ama yazma hÄ±zÄ± 70-90 MB/saniye civarÄ±nda. ÃœrÃ¼nde bir sÄ±kÄ±ntÄ± var sanÄ±rÄ±m.,2de6041b-3a94-4715-8ba0-37d77cfa1993,0
Ã–ncelikle kimse deÄŸinmediÄŸi iÃ§in Ã¼zerine basarak sÃ¶ylemek zorundayÄ±m. Tabletin hoparlÃ¶rleri LEÅ. Bunu Ã§amur atmak iÃ§in falan sÃ¶ylemiyorum. Bu tableti alacaksanÄ±z bilin ki kulaklÄ±kla kullanmak zorunda kalacaksÄ±nÄ±z.ÅarjÄ± gerÃ§ekten Ã§ok gidiyo o konu da bir ÅŸÃ¼pheniz olmasÄ±n. HÄ±zlÄ± ÅŸarj Ã¶zelliÄŸi bulunmuyor. Benim iÃ§in sÄ±kÄ±ntÄ± yaratmadÄ± bu durum.Åu an iÃ§in tÃ¼rkiye dolar kuruyla parasÄ±nÄ± hakeden bir Ã¼rÃ¼n. GÃ¶nÃ¼l isterki s6 sÄ±nÄ± alayÄ±m malesef veremem ÅŸimdi Ã¶yle bir miktar.Ders Ã§alÄ±ÅŸmak iÃ§in aldÄ±m. AÄŸÄ±r pdf dosyalarÄ±nÄ± kurcalayalar bilirler amiral telefonlarla gÃ¼nÃ¼mÃ¼zde hala farklÄ± farklÄ± raeader uygulamalarÄ±nda kasmalar yaÅŸanabiliyor. Ban tabletin iÅŸlemci performansÄ±nÄ± yeterli hatta fazla buldum.Dizi film izleyeceÄŸim diyorsanÄ±z bilin ki bunu bi kÃ¶ÅŸeye oturtup uzaktan yanÄ±nÄ±zdakilerle izleme keyfine varamayacaksÄ±nÄ±z. Sesi gerÃ§ekten kÃ¶tÃ¼. YanÄ± size nasÄ±l anlatayÄ±m. HoparlÃ¶rÃ¼ elinizle kapatmÄ±ÅŸsÄ±nÄ±z gibi. Ya harici speaker kullanacaksÄ±nÄ±z ya da kulaklÄ±ÄŸÄ±nÄ±z yanÄ±nÄ±zda olacak.Peki bu kÃ¶tÃ¼ Ã¶zellik almamanÄ±z sebep olmalÄ± mÄ±. Bence hayÄ±r. FiyatÄ± diÄŸer tabletlere gÃ¶re Ã§ok uygun. Keza hÄ±zÄ± da yÃ¼ksek. Sizin tercihiniz. UmarÄ±m ihtiyacÄ±nÄ±z doÄŸrultusunda size uygun Ã¼rÃ¼ne kavuÅŸursunuz.,1b11e4a7-d0b7-42ce-b349-a094243f75d6,0
"ÃœrÃ¼ne diyecek sÃ¶zÃ¼m yok Ã¼rÃ¼n gÃ¼zel. Ancak paketleme yanlÄ±ÅŸ yapÄ±lmÄ±ÅŸ.
ÃœrÃ¼n hiÃ§ bir ÅŸeye sarÄ±lmadan kutuya sÄ±kÄ±ÅŸtÄ±rÄ±lmÄ±ÅŸ. Sprey dÃ¼ÄŸmesi kapakla
bÃ¼tÃ¼n olduÄŸu iÃ§in kapakla beraber sÄ±kÄ±ÅŸÄ±k kutuda kÄ±rÄ±lmÄ±ÅŸ ve
kullanÄ±lamaz halde. BÃ¶yle bir Ã¼rÃ¼n baloncuklu naylona sarÄ±lmÄ±ÅŸ olsa
hassas Ã¼rÃ¼n koruma altÄ±na alÄ±nmÄ±ÅŸ olurdu.",67bed464-480f-42c5-a2e7-ae7a138cb997,2
mng kargo ile 5 gÃ¼n de geldi  mng kargonun gevÅŸekliÄŸi Ã¼rÃ¼n gÃ¼zel paketlenmemiÅŸti kutunun iÃ§inde sallanÄ±yordu,e4f5a787-c643-4dfa-84ca-e7fdb593b2e8,2
daha kaliteli olabilirdi beklediÄŸim kalitede degildi ama iÅŸ gÃ¶rÃ¼r,a445ad1c-903b-4097-9921-19b04a9ec535,0
ArkadaÅŸlar Ã¼rÃ¼nÃ¼ almadan Ã¶nce bende dÃ¼ÅŸÃ¼ndÃ¼m gelirmi ve ya sÄ±kÄ±ntÄ± Ã§Ä±kar mÄ± diye Ã¼rÃ¼nde sÄ±kÄ±ntÄ± yok yanlÄ±z ÅŸarjÄ± 1 gÃ¼nÃ¼ zor Ã§Ä±kartÄ±yor tek sÄ±kÄ±ntÄ±sÄ± ÅŸarjÄ± bide usb giriÅŸinde bulunan plastik kapak Ã§ok kalitesiz ve hemen kopuyor.,5b454d89-826b-461a-9c5f-fc7a0653a9f3,0
problemsiz bir alÄ±ÅŸveriÅŸ oldu.SÃ¶ylenen gÃ¼nde geldi.Memnunum.,b10a0afd-fbbf-4170-a25e-1a8ec3d8da62,2
"ÃœrÃ¼n pek tahmin ettiÄŸim kÄ±vamda deÄŸil.. Yazma okuma hÄ±zÄ± aÃ§Ä±sÄ±ndan
kategoride gÃ¶rÃ¼ndÃ¼ÄŸÃ¼ gibi pek deÄŸil.. AyrÄ±ca Ã§alÄ±ÅŸÄ±rken oldukÃ§a fazla
Ä±sÄ±nÄ±yor.. 2 yÄ±l iÃ§inde problemini gÃ¶sterirmi bilmiyorum..  Birde metal
falan dendiÄŸine bakÄ±lmasÄ±n oldukÃ§a narin yapÄ±lÄ±..",9321ca66-332e-46fe-9591-85dda864099f,0
ÃœrÃ¼n zamanÄ±nda geldi. Kargoda bir sÄ±kÄ±ntÄ± yaÅŸamadÄ±k. Fakat Ã§alÄ±ÅŸÄ±rken arkadan bir ses geliyor. Sebebini anlayamadÄ±k. Makine titremesi de fazla Ã¼zerindeki deterjanlar yerlere dÃ¼ÅŸÃ¼yor. Devir sebebiyle olabilir. Onun dÄ±ÅŸÄ±nda kullanÄ±ÅŸlÄ± bir Ã¼rÃ¼n.,ad508bca-57eb-45a1-9e38-f8ac3555bb98,2
"ÃœrÃ¼n gÃ¶rsel aÃ§Ä±dan baÅŸarÄ±lÄ±, ancak Ã§aÄŸrÄ± ve mesaj bildirimleri yeterli deÄŸil. ÃœrÃ¼n tanÄ±tÄ±mÄ±nda Ã¶zellikle ""mesaj ve mailleri telefonunuza bakmadan gÃ¶rebilirsiniz"" diyor ama bÃ¶yle bir Ã¶zelliÄŸi gÃ¶remedim. Sadece gelen Ã§aÄŸrÄ±larÄ± titreÅŸim ve bir sembolle bildiriyor, arayan numara ve ismi gÃ¶stermiyor. Daha ucuz Ã¼rÃ¼nlerde bile bu Ã¶zellikler mevcut. Bir de, baÅŸka kullanÄ±cÄ±larÄ±n belirttiÄŸi gibi, ekran Ä±ÅŸÄ±ÄŸÄ± Ã§ok az.",82c2be99-669d-4cd6-85d4-a2a449cd47d2,0
"Fena deÄŸil. TaÅŸÄ±nabilir sÃ¼rÃ¼mÃ¼n kasalÄ± hali. YazÄ±lÄ±m gelip duruyor ama
180'de bÄ±raktÄ±m ben, deneme sÃ¼rÃ¼mleri tam randÄ±manlÄ±  olmuyor. GÃ¼nlÃ¼k yetiyor.",8a660057-af3f-4c54-9e4e-18d0af1ffc0c,2
Ã¼rÃ¼n 1 gÃ¼n iÃ§inde aydÄ±na geldi Ã§ift taraflÄ± yazdÄ±rma Ã¶zelliÄŸi bir harika kablo ve USB bedava geldi fakat evde internet varsa kabloyu hiÃ§ gerek yok Wifi Ã¼zerinden akÄ±llÄ± telefonla yazdÄ±rma gerÃ§ekten muhteÅŸem kartuslari orjinal internetten nasÄ±l soracaÄŸÄ±nÄ± Ã§ok kolay Ã¶ÄŸrenebilirsiniz dolumu Ã§ok basit orjinalden sayÄ±n derim Canon ve hepsi burada birleÅŸince harikalar yatÄ±yorlar teÅŸekkÃ¼rler hepsiburada...,f858dd3d-f644-4fc0-bb09-925a2cfb9e68,2
Olumlu yÃ¶nleri: Ã‡ok kalite beklemeyin ama iÅŸinizi gÃ¶rÃ¼r. Fiyat/Performans Ã¼rÃ¼nÃ¼ velhasÄ±l.,3364755f-f03b-42c0-b8e1-b010080338b7,2
ÃœrÃ¼n gÃ¼zel ama kalitesiz,93bff28a-655c-4bfe-8e60-03487cdf79f9,2
teÅŸekkÃ¼rler,22afdfd9-be0d-4f5d-8da4-a8b85487b1bc,2
Gok guzeldir ama tek sorunu fazla Ä±sÄ±nÄ±yor,ea579900-f5d3-4cb2-8666-8d03dfa1a42b,2
ÃœrÃ¼n fena deÄŸil. Ã‡ok fazla Ã¶zelliÄŸi yok ama iÅŸ gÃ¶rÃ¼yor,cc1282af-b3a3-480d-b65b-d84fd3ed1dee,2
ÃœrÃ¼nÃ¼ satÄ±l aldÄ±m. BeklediÄŸim gibi gelmedi bÃ¼tÃ¼nÃ¼yle plastik dÄ±ÅŸÄ±. Bu nedenle geri iade ediyorum,8cf5db44-8d3b-4591-9027-c22d47105dc9,0
Ben sualtinda kullanmak icin aldim.kameranin ekran kalitesi dusuk oldugundan video/resimler kotu gibi gozukmekte fakat pc aktarinca goruntu kalitesi kotu degildir.Yanindaki aksiyonlarida sayarsak fiyatina gore makul bir urun.,63357ab8-201a-42a9-b5e0-af95219b04f2,2
"Capslock Ä±ÅŸÄ±ÄŸÄ± Ã§ok kÃ¼Ã§Ã¼k gÃ¶zÃ¼kmÃ¼yor desem yeridir,enter tuÅŸu normalden
kÃ¼Ã§Ã¼k alÄ±ÅŸÄ±labilir.",6b5f4e64-f67b-4484-9206-53b4133b0059,0
Ã¼rÃ¼nÃ¼ indirimdeyken aldÄ±m eski rimelimi de Ã§ok severek kullanÄ±yorum bunu denemek iÃ§in aldÄ±m memnun kaldÄ±m gerÃ§ekten kÄ±vÄ±rÄ±yor ve kolay kolay da akmÄ±yor bu arada kargom hemen geldi teÅŸekkÃ¼rler,2e2191a2-120b-48fd-85c5-da99764eab4b,2
"makyaj temizleyici olmadÄ±ÄŸÄ± iÃ§in Ã¼rÃ¼nÃ¼ bu Ã¶zelliÄŸine gÃ¶re degerlendirmeyecegim.
Sevim benim cildime Ã§ok daha iyi gelmiÅŸti. hafif bir temizleyici isteyen, yaÄŸlÄ± olmayan cilde sahip olanlar iÃ§in uygun olduÄŸunu dÃ¼ÅŸÃ¼nÃ¼yorum. 
ayrÄ±ca kargo Ã§ok hÄ±zlÄ±ydÄ±, teÅŸekkÃ¼rler bunun iÃ§in :)",78ac86e9-093d-44a8-b2ed-d386e34ca48d,2
FiyatÄ±na gÃ¶re Ã§ok tatmin edici deÄŸil,d04fe912-2181-4781-8537-aff302c36e39,0
Buharli sogutucu ancak sadece buhar var. sogutmuyor yani anlayacaginiz. Nirmal bi vantilatorden pek bi farki yok,05ce484f-dbf5-4e6c-b482-7d981d1d40a1,0
kasa ve anten plastik malzeme kalitesi dÃ¼ÅŸÃ¼k.cihazÄ± wifi yayÄ±m kuvveti fena deÄŸil.yaz mevsiminde Ä±sÄ±sÄ±na dikkat edilmeli.,d5fd6d5c-a646-4f44-81e3-04a3f2b3ccb3,0
Olumlu yÃ¶nleri: Ã¼rÃ¼n ambalajlÄ±mÄ±,ad071b7a-4077-4ef7-9918-e50e2f99f555,2
Olumsuz yÃ¶nleri: Ä°stediÄŸim gibi meyveleri parÃ§alamÄ±yor,dd6cc4ae-c29a-4de9-bb60-5e62cefed231,0
"ÃœrÃ¼n gÃ¼zel ama sadece windows 10 da Ã§alÄ±ÅŸÄ±yor.Win 7 de Ã§alÄ±ÅŸmÄ±yor.HDMI giriÅŸi yok bu da eksi yÃ¶nÃ¼.DiÄŸer Ã¼st modelerinde var sanÄ±rÄ±m HDMI giriÅŸi.KÃ¼Ã§Ã¼k ve saÄŸlam oluÅŸu, kasa iÃ§ine sÄ±ÄŸmasÄ± iÃ§in avantaj.",caf51da9-0cc2-41dc-9222-c90fe653b12c,2
pazar aksami siparis verdim carsamba geldi bas kalitesi sesi cok iyi tam bi fiyat performans urunu tavsiye ederim,c40fced4-6ac5-480e-8ac9-0b8fc5210deb,2
Fazla gurultulu ve cok iyi parcalamiyor,9f0a587d-71c3-4014-89e4-f6a4d3fbffa7,0
FiyatÄ±na gÃ¶re ideal fakat meyvesi fazla olduÄŸunda Ã§abucak Ä±sÄ±nÄ±yor duman Ã§Ä±kÄ±nca ve yanÄ±k kokusu gelince kapattÄ±m ğŸ™„,be3827b8-586c-4adb-b7df-43037c3138a1,0
Ã¼rÃ¼nle gelen kÄ±sa ÅŸarj kablosu sorunluydu. kapalÄ± paket ve orjinal geldi..,d8a19e44-9948-40fc-8693-823f19cb807e,0
"super makina, guzel Ã§aliÅŸiyo, hemde kargo kapiya kadar getirdi bi iÃ§inde, memnun kaldim...",7b5136c3-a070-4f21-abf9-f887b08775c3,2
Uzun zamandan beri uydudan yaxÄ±lÄ±m gÃ¼ncellemesi yapmÄ±yorsunuz.. next 18500 uydu alÄ±cÄ±mÄ±n perfonmandÄ± dÃ¼ÅŸtÃ¼ ...gÃ¼ncelleme bekliyoruz.Hasan HÃ¼seyin Ayhan   Afyon,30dd6085-63cb-46a8-87b0-a167b00f9bfa,0
"Olumlu yÃ¶nleri: Ã¼rÃ¼n malzemesi zayÄ±f

Olumsuz yÃ¶nleri: parasÄ±na gÃ¶re idare eder",36e107a9-8ce3-4566-9ec9-c804c66863ef,0
Saglam gÃ¶rÃ¼nÃ¼yor ama Standart klavyede yazanlar iÃ§in bayaÄŸÄ± farklÄ±. AlÄ±ÅŸamadÄ±m.,c94d6037-0605-406e-bbb8-56e76fb985d3,0
alÄ±ÅŸveriÅŸ yapÄ±labilir.,7c4f87da-9a29-420c-9274-2133a4b93562,2
SÄ±fÄ±r numara yok dik tutarak faullerimi dÃ¼zeltmek istedim uÃ§larÄ±nÄ± kesmedi saÃ§ olarak denemedim ama sÄ±fÄ±r numara kesmemesi canÄ±mÄ± sÄ±ktÄ± :)),753a7ceb-ae91-45a6-8e70-696eef00e013,0
"Ã¼rÃ¼nÃ¼ hemen denedim Ã§ok kaliteli olacaÄŸÄ±nÄ± beklemiyordum zaten ama en
Ã¶nemli ve eksik olan gÃ¼venliÄŸi rezistan ve koruma Ä±zgara arasÄ±ndaki
mesafe Ã§ok az allah gÃ¶stermesin kÃ¼Ã§Ã¼k Ã§ocuklar direk parmaÄŸÄ±nÄ± rezistans
ile irtibata geÃ§irir yine de iÅŸ gÃ¶rÃ¼r tÅŸkler",844219d3-1aeb-43dc-bf66-6df884b15342,2
ÃœrÃ¼n kullanÄ±ÅŸlÄ± fakat 4 kez kablosu Ã§Ä±ktÄ± yaptÄ±rdÄ±m temizlemek iÃ§in aparatlarini Ã§Ä±kardÄ±m kaÃ§ kez takmaya Ã§alÄ±ÅŸtÄ±m her seferinde kilit yerinden 2 ye ayrÄ±ldÄ± ÅŸu  an Ã§Ã¶pe atilmayi bekliyor,a200451d-d69d-47f2-a8d9-a7ee03fad6c6,0
ÃœrÃ¼nÃ¼n kenarÄ± inda minikte olsa bir hasar var gÃ¶rmeden almamak gerekiyor sanÄ±rm piÅŸirmesi gÃ¼zel kek yaptÄ±m denemek iÃ§in geÃ§ piÅŸti sanki ama kabardÄ± gÃ¼zel yani,01a58c4e-de9c-4ca4-a2c5-d4d7cdbd7d28,2
FiyatÄ± biraz daha uygun olabilirdi,2bbeb4c2-4c68-4311-967d-aecca54d1b0c,0
ÃœrÃ¼n fiyatÄ±na gÃ¶re idare eder. Ã‡ok kaliteli deÄŸil ve Ã§ok yer kaplÄ±yor. Tostluk kÄ±smÄ± Ã§ok ince.,a308a313-2dbc-4376-8318-12fba6102e27,0
GÃ¼zel Ã¼rÃ¼n hizli kargo tesekÃ¼rler,9b892650-09e3-468e-ae51-5b2a28b425d7,2
SupershopTR Ã§ok muntazam ve dÃ¼zgÃ¼n ambalajda hÄ±zlÄ± gÃ¶nderdi kÄ±rmÄ±zÄ± istemiÅŸtim siyah geldi  sorun yapmadÄ±m ancak Ã¼rÃ¼n yeterli Ä±sÄ±tmÄ±yor 5 kademe var 5. kademede 1 lt suyu 20 dk da kaynatÄ±yor 1. kademede neredeyse hiÃ§ Ä±sÄ±tmÄ±yor Ã¼rÃ¼n kalitesiz tavsiye etmem,0fe89918-b06e-4ddb-aa88-9d462402f266,0
"klavye ve kaliteli sorun yok sma yazÄ± yazmak Ã§Ä±kÄ±tÄ±lÄ± yapÄ± nedeniyle
rahat deÄŸil, fareside kaliteli ama pratik deÄŸil avuÃ§ iÃ§i boÅŸ kalÄ±yor ve
rahatsÄ±z ediyor.",6128eca6-f4fd-425e-81ed-67833321742f,0
ilk kek kabarmadi diger denemelerde ins guzel olur deneyip bilgi verecegim,d69d70b7-5955-48dc-9079-669f63b1147f,0
"ÃœrÃ¼nÃ¼ 6 yÄ±ldÄ±r kullanÄ±yorum. 
Olumlu yÃ¶nleri; Ã§ekiÅŸ gÃ¼cÃ¼ Ã§ok iyi, malzemesi saÄŸlam kolay kolay kÄ±rÄ±lacak gibi deÄŸil, dÄ±ÅŸarÄ±ya toz vermiyor,
Olumsuz yÃ¶nleri; sesi bir kaÃ§ yÄ±l sonra yÃ¼kseliyor, hazneyi boÅŸaltÄ±p iÃ§ini temizlemek oldukÃ§a zahmetli ve pis bir iÅŸ, gÃ¶vdesi biraz bÃ¼yÃ¼k ve aÄŸÄ±r 
Genel olarak; fiyatÄ± uygun olsun iyi sÃ¼pursun toz Ã§Ä±karmasÄ±n,  sesine ve haznesini temizlemeye katlanÄ±rÄ±m diyorsanÄ±z alabilirsiniz. Ben ÅŸimdi bir sÃ¼pÃ¼rge alacak olsam toz torbalÄ± daha pahalÄ± bir Ã¼rÃ¼n tercih ederdim.",ddd8cc3b-3483-4837-907c-589d506a7427,2
Merhabalar 2004 senesinden bu yana kullandÄ±gÄ±m linksys wireless bir modemim vardÄ±. ArtÄ±k emekli oldu yerine tekrar linksys marka ve uygun fiyatla burdan tercih ediyorum. SÃ¼per hÄ±zlÄ± gÃ¶nderi olmasÄ±da cabasÄ±.,d6a0dfc7-f968-42f7-b2e1-d70c38f5b8df,2
Ã¼rÃ¼n 180 motor gÃ¼cÃ¼ deÄŸil 95 motor gÃ¼cÃ¼ 3 kademe yoktur 2 kademesi vardÄ±r baÅŸka bir sorun yoktur bunun dÄ±ÅŸÄ±nda alacak olanlar bile alsÄ±nlar,fb094d5c-a5f8-417c-be81-5efe07a24e95,2
Cok iyi paketleme,f600960d-7b72-4641-8231-bbde65c8825b,2
Evet gÃ¼zel zaten hep aynÄ± markayÄ± kullanÄ±yoruz. BildiÄŸimiz bir Ã¼rÃ¼n ÅŸaÅŸÄ±rtmadÄ±,91f60ac8-3472-4322-8d7f-1b0c03d4b5a5,2
basslarÄ± gerÃ§ekten abartÄ± olmuÅŸ arada sÄ±rada titreme yapabiliyor Ã§Ã¼nkÃ¼. tizleri de duymak iÃ§in iyice sesi aÃ§tÄ±ÄŸÄ±m zaman Ã¶zellikle bass kendisini kaybediyor. frekans aralÄ±ÄŸÄ± bence biraz daha dÃ¼ÅŸÃ¼k tutulabilirdi ekoleyzÄ±r ile ince ayar yapmak gerekiyor bu yÃ¼zden. alacaklarÄ±n dikkat etmesi gerekiyor bu yÃ¼zden.,fc62c65d-3909-4641-ab74-65b22581cc94,0
"ÃœRÃœNÃœ FARKLI BÄ°R TEKNOLOJÄ° MAÄZASINDAN ALDIM. 3 AY Ä°Ã‡Ä°NDE ÅARJ OLMAMA SORUNU BAÅLADI Ã‡ÃœNKÃœ YUVASINA BÄ°R TÃœRLÃœ OTURMUYOR, 3-5 KERE TAK Ã‡IKAR YAPA YAPA ÅARJ IÅIÄINI YAKABÄ°LÄ°YORUZ. BEN UYGUN FÄ°YATA Ä°NDÄ°RÄ°MLÄ° OLARAK ALMIÅTIM. AMA Ã–NERÄ°RMÄ°SÄ°NÄ°Z DÄ°YE SORARSANIZ Ã‡EKÄ°M KUVVET Ä°Ã‡Ä°N GÃœNDELÄ°KTE YETERLÄ°, AMA BEN BÄ°DAHA BU MARKANIN ÃœRÃœNÃœNÃœ ALMAM!",b5072a89-886c-42e3-9ab5-af701c624867,0
ÃœrÃ¼n elime gerektiÄŸinden daha uzun sÃ¼rede geldi. ÃœrÃ¼n ambalajlÄ± ve gÃ¼zel kargolanmÄ±ÅŸtÄ±. ÃœrÃ¼nÃ¼n iÃ§inde gerekli kablilar yoktu. Bunun yanÄ± sÄ±ra Ã¼rÃ¼n gerÃ§ekten kaliteli. Dosya aktarma hÄ±zÄ±m 4 katÄ±na Ã§Ä±ktÄ±. TeÅŸekkÃ¼rler...,2ea7206f-18be-41cd-8890-57272383ddc6,2
GerÃ§ekten Ã§ok sesli. 1 dakika sussa 15 dakka durmadan ses Ã§Ä±karÄ±yo. KapaÄŸÄ±nÄ± iyice kapattÄ±ÄŸÄ±nÄ±za emin olmanÄ±z gerekiyor. Hacim olarak fena deÄŸil.,873e09b6-12ed-4e3d-a86e-0ff0fb2b8a5a,0
evet Ã¼rÃ¼n gÃ¼zel sorun yok,b2f465a3-99c9-4a2c-a17d-5ea72328e2b6,2
DVD oynatÄ±cÄ± yok ama Ã¶zellikle rde olduÄŸu sÃ¶yleniyor bilginize. Onun disinda fiyatÄ±na gÃ¶re bÄ± Ã¼rÃ¼n Ã§ok beklentiye girmeyn,fc7e031b-8ca4-49bf-a5c1-9b5837062ac2,2
"Telefon genel olarak gÃ¼zel. Fiyat performans Ã¼rÃ¼nÃ¼.

Eksileri; 
-Kutuda kulaklik Ã§Ä±kmadÄ±. ğŸ¤¬
-Deri desenden dolayÄ± Arkadaki logo ve yazilar kolay  silinir.
-Ben siyah renk aldim, kamera Ã§ercevesi altÄ±n sarÄ±sÄ±, ben orasida siyah sanÄ±p almistim, sari kamera cercevesi   Ã§ok sÄ±rÄ±tÄ±yor. Buna dikkat edin.
- Kameralar fiyatina gore eh iÅŸte, fazla bir ÅŸey beklemeyin.
- Son olarqk Damla Ã‡entik biraz kalÄ±n gibi geldi bana.

ArtÄ±larÄ±
-Ekran kalitesi gÃ¼zel.
-Fiyat  gayet uygun.
-Telefonun ustunde ekran koruyucu ile geldi. ğŸ¤—
- 3 gÃ¼nde hÄ±zlÄ± ve Ã¶zenli teslimat.(kargo poseti, baloncuklu poset, kahverengi  firma kutusu, telefon kutusu)
-HÄ±zÄ± iyi.
-Ses seviyesi beklentimin ustunde idi. Sesi yuksek.",438b7bd6-9d72-4141-a973-3f7ddd891d50,0
Olumlu yÃ¶nleri: bu paraya alÄ±nabilecek en makul sÃ¼pÃ¼rge,da499ee8-22f4-42d3-a97e-865aede67bab,2
ilk versiyona gÃ¶re daha kÃ¶tÃ¼ geldi bana ama fena deÄŸil.yan tuÅŸu kaldÄ±rmÄ±ÅŸlar pek hoÅŸ olmamÄ±ÅŸ.,9fd881c8-a90b-4ed7-9e83-88d51ccb6b9d,0
"11300 yazÄ±yor.note 8'im.3300 bataryasÄ±.2,5 kere ÅŸarj etti.3 kere rahat ÅŸarj etmesi gerekirdi.",ec02e0a8-3de1-4f54-ab40-0872964d34eb,0
Her anlamda memnunuz Ã¶zellikle sessiz Ã§alÄ±ÅŸmasÄ± ve hÄ±zlÄ± Ä±sÄ±tmasÄ± Ã§ok iyi,915a4ed7-ed92-49e6-b422-e2d39e0f2b51,2
"ArkadaÅŸlar 2 adet aldÄ±m, ancak ses kalitesi Ã§ok kÃ¶tÃ¼ Bas olarak Apple kulaklÄ±klarÄ±n 4 te 1 i etmez. Bas nerdeyse hiÃ§ yok. Ã‡inli ucuz kulaklÄ±klarda ki gibi bir sesi var.",64904c37-7b9e-49d6-bc67-b228c7327c87,0
SESSÄ°Z KESMESÄ° Ã‡OK Ä°YÄ° ANCAK PLASTÄ°K BAÅLIKLARI TAKILDIÄINDA KILLARI SIKIÅTIRIP Ã‡EKÄ°YOR,f9bc770a-e584-42de-abfd-25b8933a4ae1,0
Ã¼rÃ¼n gÃ¼zel ama ben cildimden 1 ton koyusunu alarak hata yaptÄ±m normalde ten renginden 1 ton aÃ§Ä±k olmasÄ± lazÄ±m ama fena durmadÄ± bronzlaÅŸmÄ±ÅŸÄ±m gibi oldu  alacak olanlar ton rengini iyi seÃ§sinler..,ecfe6ebf-1c62-4f01-bb20-447665d5f959,2
"ÃœrÃ¼nÃ¼ sipariÅŸ verdikten hemen sonra kadroya verildi 24 saat geÃ§meden
eline ulaÅŸtÄ± iki kez kek yaptÄ±m ilkini 175 derecede pisirdim hÄ±zla pisti
kabardÄ± ve geri sÃ¶ndÃ¼ ikinci yapisimda 150 derecede pisirdim bu kez
kabardÄ± geri sonmedi ama iki pisirmemde de ortamdaki camlÄ± kÄ±sÄ±m
piÅŸiriyor orasÄ± pisine kadar bekliyorum bu sefer diÄŸer taraflar yanÄ±yor
nasÄ±l kullanmama bilemedim",4dc5d339-fc56-4f48-aa61-56541fa10f62,2
Arzum marka fritÃ¶z diÄŸer fritÃ¶zlerden farkÄ±nÄ± hissettiriyor...,13800415-1611-42c9-a2cc-13af076b6cc0,2
"ÃœrÃ¼nÃ¼n renk seÃ§enekleri neden yok anlamadÄ±m. KÄ±rmÄ±zÄ±,siyah, beyez renkleri olduÄŸu gÃ¶rÃ¼lÃ¼yor ancak seÃ§im yapma ÅŸansÄ±nÄ±z yok. Bana siyah geldi. ÃœrÃ¼nÃ¼n taÄ±ldÄ±ÄŸÄ± istasyonu ÅŸarj Ã¼nitesi gibi deÄŸil. YerleÅŸtirdikten sonra kablo ucunu cihaza kendiniz takmanÄ±z gerekiyor. ÃœrÃ¼n TÃœRK malÄ±. Ã‡ekim gÃ¼cÃ¼ iyi, pratik. Ancak yukarÄ±daki iki husus olmasa Ã§ok daha iyi olabilirdi.",638cff7e-d724-48c2-a748-1ec6f412f1ff,2
Ã¼rÃ¼n hÄ±zlÄ± elime ulaÅŸtÄ± ama yazma hÄ±zÄ± Ã§ok yavaÅŸ!!,20d2157c-6101-463a-aec9-48256c70e5ef,0
"sipariÅŸimde stand gelmedi, hem resimlerde hem de aÃ§Ä±klamalarda olmasÄ±na karÅŸÄ±n paket iÃ§eriÄŸi eksikti. siteye mesajla bildirdim ancak herhangi bir yanÄ±t verilmedi.",713df17e-9913-4c53-8d06-3e235f1a11ba,0
Zamaninda kargo.. ÃœrÃ¼n zaten samsung monitÃ¶r.,43100303-b423-4a68-aef1-24f253111e35,2
"Ben bu aletle boyalÄ± malzeme kÄ±rpmayÄ± dÃ¼ÅŸÃ¼nmÃ¼ÅŸtÃ¼m ama olmadÄ±. BÄ±Ã§aklarÄ± da yeterince keskin deÄŸil ve gÃ¼cÃ¼ dÃ¼ÅŸÃ¼k. 
Ama mutfak iÅŸleri iÃ§in ideal olabilir.",cec1ac29-c496-4ac4-805d-ed882d1316a6,0
2017 Ãœretimi Ssd GÃ¶nderildi.Urun hÄ±zÄ± ve performansÄ± Oldukca iyi.Kargo HÄ±zlÄ±,11a75c10-7860-46e4-8884-498d1031d666,2
neden oluyor biomiyorum ama bu usb bellegi kullandigimda akilli tahtadaki diger usb cikisini kullanamiyorum. diger usblerde her ikisi rahatlikla kullanilirken bunu taktigim zaman sadece biri kullanilabiliyor.bu yuzden once bundan bilgisayara sonra diger usblere tasiyorum paylasmak istedigim dosyalari..,6192fbb5-b9ac-4cc9-8c4a-70457ad30532,0
urun gÃ¼zel ama sevkiyat tedarik aÅŸamasÄ± Ã§ok kÃ¶tÃ¼ 11 kasÄ±mda sipariÅŸ verdim bugÃ¼n elime geÃ§ti 15 gÃ¼n sonra,e07d97a0-d888-49b0-9b98-f66fbe060202,0
"Ekmek isitiyorum,yemek isitiyorum Ã§Ä±kÄ±nca buz gibi oluyo 5 dk
da.ekmekler kuruyor.buz Ã§Ã¶zdÃ¼reyim dedim sÄ±cak suya salsam ondan hÄ±zlÄ±
Ã§Ã¶zÃ¼lÃ¼rdÃ¼ yemeÄŸin buzu.henÃ¼z hiÃ§bir iÅŸe yaramadÄ±ÄŸÄ± iÃ§in iyi bi yorum
yapamiyorum malesef.",099f3df7-cb39-42ef-943e-447d088cbfed,0
ÃœrÃ¼n 3 gÃ¼n iÃ§erisinde elime ulaÅŸtÄ± mause tam istediÄŸim gibi yumuÅŸacÄ±k ve Ã§ok sessiz ama klavye Ã§ok sert ve gÃ¼rÃ¼ltÃ¼lÃ¼.,2504b9fb-70dc-44a9-9e6c-a66013496c1a,2
"3 kademe falan yok tek kademe her kademed ayni calisiyor  dugmelere
basarken dugmeler saga sola hareket ediyor gorunusu iyi hasarsiz geldi
ben zaten sus icin almistim calismasi cokta umurumda degil",cf55ece9-c711-4869-bb40-663a8eb8a2df,2
Olumlu yÃ¶nleri: ArkadaÅŸlar bu Ã¼rÃ¼nde taksit seÃ§eneÄŸi var mi,d9cb128f-01d2-4208-837d-46e2461b8986,2
RESÄ°MDE GÃ–RÃœLDÃœÄÃœ GÄ°BÄ°,7dc9fce9-4563-4931-a1c8-709635c0b8df,2
"Olumlu yÃ¶nleri: Sorunsuz sÄ±kÄ±ntÄ±sÄ±z geldi Ã§alÄ±ÅŸÄ±yor hiÃ§bir problemi yok

Olumsuz yÃ¶nleri: Alt tabanÄ± yok direk fiÅŸe takÄ±yorsunuz bu yÃ¼zden kullanÄ±mÄ± kÄ±sÄ±tlÄ± geliyor.",3257c24e-f13b-4c77-9cf8-d1a185edd7b5,2
"Camera mÃ¼kemmel , titreme ayarÄ± otomatik yapÄ±yor, tek Ã¼zÃ¼ldÃ¼ÄŸÃ¼m harici mikrofon giriÅŸi yok, banada bu lazÄ±m reportaÃ§lar iÃ§in yoksa makineyi tevsiye ederim",9881b09e-2bdc-4abe-9ef7-2dec6ed7992c,2
WiFi var denmesine raÄŸmen Ã§ekmiyor,29e8438a-5356-4f1f-8a3c-cba0fbc57bb9,0
"AlÄ±rken bu modemle Asus (modeli hatÄ±rlamÄ±yorum) arasÄ±nda kalmÄ±ÅŸtÄ±m. Ethernet portu 4 adet olduÄŸu iÃ§in TP-Link modemi tercih ettimiÅŸtim, fakat wifide 8-10 metrede bile bÃ¼yÃ¼k sinyal kaybÄ± var. Hatta hiÃ§ Ã§ekmiyor. Memnun kalmadÄ±m. AldÄ±ÄŸÄ±mda gÃ¼nlerde kullanma imkanÄ±m olsaydÄ± iade ederdim.",49579cab-d43b-4be2-949a-7f9b942f623b,0
"iÅŸlemci hÄ±zÄ± dÃ¼ÅŸÃ¼k fiyatÄ±na gÃ¶re normal tabiki ama daha yÃ¼ksek bir hÄ±zda iÅŸlemci,almanÄ±zÄ± tabivsiye ederim",661376a4-f631-4c19-a0dc-6399df9f6d46,0
fiyatÄ± gÃ¼zel paketleme kÃ¶tÃ¼,09929b05-2fd2-42c8-b16e-aaad3b51d2e0,0
"HatalÄ± Ã¼rÃ¼n gÃ¶nderdiler, bu kÃ¶tÃ¼ ama sonrasÄ±nda 0 sorunla kÄ±sa bir
sÃ¼rede deÄŸiÅŸimini tamamladÄ±lar. HatadÄ±r, olur diyelim.",b220969b-a014-4e6d-b9a9-d27204123f2c,0
ÃœrÃ¼n orjinal deÄŸil bunu bilerek alÄ±n ama ses gÃ¼zel,da66f471-f7d0-483e-9e35-6b50b7988304,2
ÃœrÃ¼n beklentilerimi karÅŸÄ±ladÄ± buhar pÃ¼skÃ¼rtmesi oldukÃ§a gÃ¼Ã§lÃ¼ su damlatmama Ã¶zelliÄŸi gerÃ§ekten Ã§ok gÃ¼zel kesinlikle alÄ±nabilir,424e3024-4e5f-4105-9f14-d75b90a1884a,2
Ã‡ekim gÃ¼cÃ¼ gerÃ§ekten de zayÄ±fmÄ±ÅŸ. Yine de iÅŸ gÃ¶rÃ¼r ama Ã§ok iÃ§ime sindiÄŸini sÃ¶yleyemem.,185d9e9b-cabb-4133-9108-029ad7543271,0
"Ã¼rÃ¼n denildiÄŸi gibi herÅŸeyi geldi ama turbo 3.46 GHZ gosterirken 3.20
GHZ geldi gÃ¼zel kazÄ±k ups kargoda iÅŸ saatleri cumartesi gÃ¼nÃ¼ Ã§alÄ±ÅŸmasÄ±
gerekirken kapalÄ±ydÄ± 2 gÃ¼n daha aksadÄ±",9937c5a6-4277-47dc-9d6e-98033fb569f6,0
Cok kaliteli istediginiz herÅŸeyi kÄ±sa sÃ¼rede yapÄ±yor,6fd27e50-45e8-4a51-9bd9-ead18d44721a,2
"YaklaÅŸÄ±k bir aydÄ±r kullanÄ±yorum. Ã§Ã¶p ÅŸiÅŸ, balÄ±k ve pirzola yaptÄ±m, doÄŸruyu sÃ¶ylemek gerekirse beÄŸendim. ArkadaÅŸlarÄ±m da Ã§ok beÄŸendiler. Ã§ift taraflÄ± kullanÄ±m saÄŸlamasÄ±, kÄ±sa zamanda Ä±sÄ±nmasÄ±, parÃ§alarÄ±nÄ±n rahatlÄ±kla makinede yÄ±kanmasÄ± artÄ±larÄ±, tek olumsuz bulduÄŸum ise kokusunun ve dumanÄ±nÄ±n olmasÄ± ev iÃ§inde deÄŸilde balkonda yaparsanÄ±z daha iyi olur.",dac9b9df-eaa4-489d-a5f2-33edbca3c5f3,2
"Cihaz cok yavas ama bu fiyata baska olmaz sikinti yok diyenler alabilir
kargo paketleme gayet iyi ve hizli",7d40cb34-3a85-46a1-8d2e-847a1aa08480,0
Ã¶ncelikle iade etmeyi dÃ¼ÅŸÃ¼ndÃ¼m ancak kutusunu attÄ±gÄ±mÄ±da iÃ§in iade girisiminde bile bulunmadÄ±m. su tankÄ± yok. suyu kahveyÄ± ÅŸekeri siz koyuyorsunuz iyice karÄ±stÄ±rÄ±yorsunuz ocaga koyacagÄ±nÄ±za oraya koyuyorsunuz sadece Ä±sÄ±tÄ±yor. max cizgisini gecmediÄŸi halde tasÄ±yor. bence almayÄ±n. kahvenÄ±z Ä±yÄ±yse tadÄ± zaten iyi oluyor.,1efd45ab-f2f6-4b6e-9348-4aa75a3a0bba,0
GÃ¼zel resimdekiyle aynÄ± fakat Ã¼rÃ¼n iÃ§inden karbon filitresi Ã§Ä±kmÄ±yor davlumbaz niyetiyle kullanÄ±caklara duyurulur. Kimi yorumlarda uzaktan kumanda demiÅŸler bende bÃ¶yle birÅŸey Ã§Ä±kmadÄ±.,316ba2ab-81f4-4f12-bf45-ebda965b9681,0
Ã¶n kamerada geniÅŸ aÃ§Ä± modu Ã§alÄ±ÅŸmÄ±yor bilgisi olan var mÄ±,2b9e8f61-a4de-47c3-9506-1bf31b60876e,0
"Vaadlerin aksine kokulu, dumanlÄ± ve her ÅŸeyi yapÄ±ÅŸtÄ±rÄ±yor. Teflon
kaplama Ã§ok dandik. Ama Ã§ok yani, hassas davranmamÄ±za raÄŸmen daha ilk
piÅŸirmelerden soyulmaya baÅŸladÄ±. PiÅŸirmeye gelince tavuklarÄ± fazla ince
yapmadÄ±ÄŸÄ±mÄ±z sÃ¼rece iÃ§i doÄŸru dÃ¼zgÃ¼n piÅŸmiyor. Tek iyi tarafÄ± geniÅŸ
piÅŸirme yÃ¼zeyi. Onun da orta kÄ±sÄ±mlarÄ± hariÃ§ az Ä±sÄ±nÄ±yor. KÄ±sacasÄ±
tavsiye etmiyorum.",61d69a52-f3ca-4104-9406-bc7c505b8ba3,0
ÃœrÃ¼n tam zamanÄ±nda geldi. TeÅŸekkÃ¼rler...,3dfe5af2-6423-4c5f-9aa5-4b01613352cc,2
ÃœrÃ¼nÃ¼ aldÄ±ktan sonra bir kere kullandÄ±m. Buz kÄ±rarken beÅŸinci saniyede (bir saniye Ã§alÄ±ÅŸtÄ±r Ã¼Ã§ saniye durdur ÅŸeklinde Ã§alÄ±ÅŸtÄ±rdÄ±m) motor sesi deÄŸiÅŸti. Sanki bÄ±Ã§aÄŸÄ± dÃ¶nmÃ¼yor gibiydi. Biraz dinlendirdim ve sonra normale dÃ¶ndÃ¼ fakat ikinci kullanÄ±mda ne olur bilemiyorum. DiÄŸer iÅŸlevlerini kullandÄ±ktan sonra yoruma ekleme yaparÄ±m.,1a17f608-b4c1-47ed-9eb3-42c5f35a5021,0
kargo hÄ±zlÄ±;servis yavaÅŸ 3 gÃ¼ne randevu veriyorlar.kurulmadÄ± ama Ä±zgaralar dÃ¶kÃ¼me benzemiyor ince gibi.,06e87ed2-84f2-4a14-aa50-afecf9476b3c,0
SakallarÄ± kÄ±saltmak iÃ§in aldÄ±m bir Ã¶nceki makinem sakal sÄ±klaÅŸtÄ±ÄŸÄ± iÃ§in sakalÄ± Ã§ekmelere baÅŸlamÄ±ÅŸtÄ± bu Ã¼rÃ¼nde en azÄ±nda Ã§ekmesi yok fiyatÄ±na gÃ¶re iyi gÃ¼Ã§lÃ¼ bir Ã¼rÃ¼n,cb44b503-f2ec-4a09-be9e-be082c767948,2
amazzon.com'a teÅŸekkÃ¼r ederim.Ilk defa alÄ±ÅŸ veriÅŸ yaptÄ±m ve bu kadar hÄ±zlÄ± gÃ¶nderim hiÃ§ bir sitede gÃ¶rmedim.M31 telefon ile ilgili biraz yavaÅŸ buldum.kopyalama panosu malesef bunda yok.ÅŸarjÄ± Ã§ok yavaÅŸ doluyor... video izlerken ekran tam olmuyor...Eski telefonum C9 pro idi...bir Ã§ok yÃ¶nden eski telefonumu arar oldum...Samsung firmasÄ±na yakÄ±ÅŸmÄ±yor...,ddea419e-f85d-4e60-ac7d-3334e7af1a8e,2
Buhar verme konusunda biraz yetersiz. Ama fiyatÄ±na gÃ¶re iyi Bi Ã¼rÃ¼n ğŸ˜Š,11b913f6-5788-49f5-86e5-5a22005c0d60,0
Buhar gucu araliksiz kullanilamiyor. Cok hafif kullanimi gerkcekten rahat fakat buhar gucu yetersiz.,a92344f7-2904-4986-ab17-c1ce5c5a9668,0
hiÃ§bir sÄ±kÄ±ntÄ±sÄ± yok Ã§ok gÃ¼zel ama Ã§ok kÃ¼Ã§Ã¼k normal bir flash Ä±n yarÄ±sÄ± kadar,4c46bd53-23c8-4bbf-8142-3ddebfd37b0f,2
repeater olarak kullanÄ±yorum modemin yarÄ± hÄ±zÄ±nda veriyor. hÄ±z testinde modemim  48 Mbps kadar Ã§Ä±kÄ±yor. wrt302 ise 24 Mbps de kalÄ±yor daha fazla Ã§Ä±kmÄ±yor. halbuki kutusunda ve kÄ±lavuzunda 300 Mbps diyor.,f66985b8-ed37-4214-8b38-64a2a321bc57,0
note 4 telefonumu 10 dakikada %2 ÅŸarj ediyor 200dk da yÃ¼zde 100 3 saatten fazla.,84eaf3c0-e91e-454b-9a1f-5f03a44bf230,0
ÃœrÃ¼n kaliteli fakat kablosu kÄ±sa ve Ä±sÄ±tÄ±cÄ± kÄ±smÄ±n aÄŸÄ±rlÄ±ktan aÅŸaÄŸÄ± eÄŸiliyor.,102b4c14-3c50-4bb0-81a6-b1b2835a1249,0
kapak tam olarak kapanmÄ±yor. onun dÄ±ÅŸÄ±nda gÃ¼zel gÃ¶rÃ¼nÃ¼yor. henÃ¼z kullanmadÄ±m.,9c78cf49-7fe4-4bce-bc1b-9d14af367dde,0
ÃœrÃ¼nÃ¼ baÅŸka satÄ±cÄ±dan aldÄ±m Ã¼rÃ¼n gayet gÃ¼zel plastikleri eriyor filan deniyor fakat Ã¶yle bir ÅŸey yok zaten metal plastik deÄŸil  ilk aÃ§Ä±lÄ±ÅŸta biraz duman Ã§Ä±kÄ±yor zaten kullanma kÄ±lavuzunda belitmiÅŸler yalnÄ±z ben bir uyarÄ±da bulunacaÄŸÄ±m  metal kasanÄ±n kenarlarÄ± jilet gibi kesiyor ona dikkat edin ben yaralandÄ±m kenarlarÄ± bir ÅŸekilde kÃ¶reltmeniz lazÄ±m,4b6a0185-b288-4036-937d-bfff6f867764,0
"Ben singer  promise modelini aldÄ±m ama singer start modeli geldi iade
ile uÄŸraÅŸmak istemedim ama bu modeli isteseydim 20 lira daha ucuza alabilirdim",059c6fa3-f373-4502-8741-745be3e31154,0
5g Ã§ekim gÃ¼cÃ¼ az,ea4301ea-8dd1-459c-8240-a76f5c51e0f9,0
"kesinlikle mukemmel. daha yuksek modellerinde cekis gucu ve temizlemesi ayni , onemsiz farkli ozellikleri var. bu modeli gonul rahatligi ile alabilirsiniz.",3498c907-ad96-4e07-b94a-580390385c5e,2
"ÃœrÃ¼n  2 gÃ¼n iÃ§inde elime ulaÅŸtÄ± mÃ¼ÅŸteri ile iletiÅŸim sÃ¼per ,kargo firmasÄ± iyi              hepsi burada. com gÃ¼venilir bir site tekrarÄ± ile gÃ¶rÃ¼ÅŸmek dileÄŸiyle kolay gelsin hepsi burada. com ailesi",a6f8565c-ec06-4fab-8bf2-229ac976cc79,2
"evet, olabilir, bewlk",f82ccfcf-cdb1-4f2b-9636-0754ceee4c2a,2
kargolama Ã§ok kÃ¶tÃ¼ Allah'a emanet gÃ¶ndermiÅŸler,9d7390c7-f171-42ec-947d-54e6e1e7d31c,0
kargo sirketinden dolayÄ± 3 yÄ±ldÄ±z verdim,5d524444-686f-4b00-a92c-6a2a07308d1d,0
ÅarjÄ± antreman iÃ§in her gÃ¼n aktifleÅŸtirirsen 15 gÃ¼n gitmiyor,9df9aa21-eaa5-4df1-8e72-8965735b7eba,0
"Parke ve taÅŸ yÃ¼zeyde baÅŸarÄ±lÄ± deÄŸil, halÄ±da iÅŸ yapÄ±yor. Malzeme kalitesi orta seviyede. Daha Ã§ok saÃ§-tÃ¼h toplamak iÃ§in iÅŸe yarayan bir sÃ¼pÃ¼rge.",a35d8af0-8933-4ab4-b397-ed33d678cd31,0
ÃœrÃ¼nÃ¼n portatif parÃ§alarÄ± pratik Ã§Ä±karÄ±lÄ±p takilamiyor. Filtresi her temizlikten sonra temizlenmeli. Yedek filtreye kisa sÃ¼re sonra ihtiyaÃ§ duyuluyor. 2 senedir kullaniyorum. Hala alÄ±ÅŸamadÄ±m...,ccca1635-3685-4cd5-9b07-f873bdedbf14,0
Ses kalitesi iyi ama kablo dayanÄ±klÄ± deÄŸil,1956af8c-b089-4b11-a798-9bbe3e73dfc6,2
urun 1 gÃ¼n sonra geldi sÄ±fÄ±r paketinde ve mÃ¼kemmel tskr ederim,79e7aa4e-d292-4b86-a98f-ef30a8c939df,2
ÃœrÃ¼nÃ¼n bir tarafÄ± gÃ¶Ã§Ã¼k ÅŸekilde geldi. SacÄ±n saÄŸ tarafÄ±nda kÃ¼Ã§Ã¼k bir gÃ¶Ã§Ã¼k var. Depodan mÄ± yoksa kargodan mÄ± kaynaklÄ± bilemedik.,44998f84-21d9-47b6-a9e4-5a15d7d66f7e,0
"Sesi Ã§ok rahatsÄ±z edici deÄŸil, Ã§ekiÅŸ gÃ¼cÃ¼ iyi fakat teleskopik aparatÄ± ve baÄŸlantÄ± noktalarÄ± Ã§ok kalitesiz. Daha ilk kullanÄ±mda elimde kalÄ±yordu Ã§Ã¼nkÃ¼ teleskopik borusunun materyali Ã§ok ince, baÄŸlantÄ± noktalarÄ±ndaki plastikleri Ã§ok zayÄ±f.",1a42a349-d917-43ae-a643-10ef149a9cf9,0
Teknosa'dan MaÄŸazadan Teslim Al seÃ§eneÄŸini kullandÄ±m gittim ve bugÃ¼n teslim aldÄ±m. HoparlÃ¶rÃ¼n sesi gerÃ§ekten Ã§ok iyi. Ses olarak 1+1 lerin gÃ¶zdesi ve uygun fiyatlÄ±.,959ca4cf-bbde-4f0c-9625-ea8e1254a7ef,2
geÃ§ Ä±sÄ±nÄ±yor ama kullanÄ±ÅŸlÄ±,971a5c2f-f2ed-492d-90a3-1ad1a0440020,2
Biss key yÃ¼klenemiyor. Firma ile gÃ¶rÃ¼ÅŸtÃ¼m program gÃ¼ncellemesi ve bunun iÃ§in de Ã¶zel kablo gerekliymiÅŸ,e7d98a3e-f4ab-4671-8525-429435e78b50,0
Philips 43pus6503 gÃ¼zel tv yavsiye ederim . N11 mi ?kesinlikle HAYIR .birnumara disindaki her sey iyi sadece birnumaraâ€˜e bulasmayin sikinti yasarsanizÃ§Ã¶zÃ¼m odakli olmayip sikintidan faydalanma gayreti iÃ§ine giriyor birnumara .Philils tavsiye ederim birnumaraâ€˜i kesinlikle hayir .,d3f0b027-9f03-4b8a-9fba-38e324e89bc0,0
Daha Ã¶nce Ä°nfrared bir Ä±sÄ±tÄ±cÄ± kullanmamÄ±ÅŸtÄ±m. Sadece Ã§alÄ±ÅŸtÄ±ÄŸÄ± mÃ¼ddetÃ§e iÅŸi kaynaÄŸÄ± oluyor ve ortamÄ± Ã§ok geÃ§ Ä±sÄ±tÄ±yor (10m2). Termostat kapanÄ±nca sanki hiÃ§ oda Ä±sÄ±tÄ±lmamÄ±ÅŸ gibi bir his oluÅŸuyor. Normalde klima ile Ä±sÄ±nmaya Ã§alÄ±ÅŸÄ±yorduk ve tÃ¼m havayÄ± Ä±sÄ±ttÄ±ÄŸÄ± iÃ§in kalÄ±cÄ±lÄ±ÄŸÄ± alet kapansa bile daha uzun Ã¶mÃ¼rlÃ¼. Klima ilede neredeyse aynÄ± elektrik tÃ¼ketimi var.. Klima olmayan odalarda ihtiyaÃ§ olduÄŸunda deÄŸerlendirecem...,b392384e-e475-4d58-81e1-763e6bad05d3,0
fiyatÄ±na gÃ¶re gayet normal,a3368076-8ecd-4a1f-a873-6cfdeb424322,2
"arkadaslar 3 senedir kullaniyorum
harika bir cihaz
ayrica paslanmaz kalitesi cok iyi.
Ã¶yle Ã§in mali bir paslanmaz degil.
en kati meyveyi bile suyunu cikaryiyor",76563331-5d64-45ae-9802-26dfa06f94e6,2
"Ne aldÄ±ÄŸÄ±nÄ± bilenler iÃ§in sorun yok. Bu paraya bu kadar. ÃœrÃ¼n Ä°5 ama
eski nesil. Kasa kalitesi vs eh iÅŸte. Bana gelen Ã¼rÃ¼nÃ¼ kutudan
Ã§Ä±kardÄ±ÄŸÄ±mda iÃ§inden tangÄ±r tungur ses geliyordu KasayÄ± aÃ§Ä±nca iÅŸlemci
fanÄ±nÄ±n kasanÄ±n iÃ§inde saÄŸa sola Ã§arptÄ±ÄŸÄ±nÄ± gÃ¶rdÃ¼m. FanÄ± kendim monte
ettim. Ne kadar ekmek o kadar kÃ¶fte. SonuÃ§ta Ã§alÄ±ÅŸtÄ±mÄ± evet Ã§alÄ±ÅŸtÄ±.",82167123-b9e9-40bd-bfd3-5c993232c04e,2
2 gÃ¼ndÃ¼r kullanÄ±yorum. ufak bir cihaz. kanal geÃ§iÅŸ suresi 2sn. MenÃ¼sÃ¼ baÅŸarÄ±lÄ±. harici disk 1tb ve usb disklerde sÄ±kÄ±ntÄ± Ã§Ä±karmadÄ±. fakat bir kac video dosyasini oynatmadi. cihaz aÃ§Ä±lÄ±ÅŸ suresi 4 sn. TKGS ile kanallarÄ± gÃ¼ncelleme suresi cok kÄ±sa. Kumandasi ile Samsung tv mi kontrol edebiliyorum (ac kapa ses source).  gÃ¶rÃ¼ntÃ¼ kalitesi hd ve sd kanallarda baÅŸarÄ±lÄ±. kutu iÃ§eriÄŸi yeterli. CihazÄ± tavsiye ederim.,8d1188f6-de69-417c-b68d-04cbfbba0fe8,2
Ã¼rÃ¼nÃ¼ yaklaÅŸÄ±k 2 yÄ±ldÄ±r kullanmaktayÄ±m. 3g modem gÃ¶revini yerine getiriyor fakat wifi gÃ¼cÃ¼ ortalama altÄ± diyebilirim. geniÅŸ ve bÃ¼yÃ¼k mekanlarda bir uctan bir uca Ã§ekim kalitesi oldukÃ§a dÃ¼ÅŸÃ¼yor ve verimsiz hale geliyor. ancak bulunduÄŸunuz odada kullanÄ±rsanÄ±z saÄŸlÄ±klÄ± verim alÄ±yorsunuz. 3g modem ile iÅŸiniz yoksa kesinlikle wifi Ã§ekim gÃ¼cÃ¼ daha iyi olan cihazlara bakÄ±n derim..,a7132ba7-0558-4ac6-a13e-4fcba7766fcf,2
ÃœrÃ¼nÃ¼ monte edip dengelemeye Ã§alÄ±ÅŸÄ±rken ayaklarÄ±ndan birisi Ã§ok kuvvet harcamama raÄŸmen elimde kaldÄ±. Plastiklerine Ã§ok gÃ¼venmeyin... Ä°dareten alacaksanÄ±z uygun..,a3b7ae45-b0f1-4ba7-bbf9-83d631a0bcdf,0
GÃ¼zel ufak Ã§izikleri ile gelmesi dÄ±ÅŸÄ±nda beÄŸendim,4eb4084b-dfa9-4d99-935e-ee3df1491554,2
1 yildan fazla oldu kullanÄ±yorum gayet memnunum. Okuma ve yazma hÄ±zÄ± Ã§ok gÃ¼zel Ã¶zellikle 16 gb philips ve 16 gb sandisk flash belleklerimle karsilastirdim en iyisi Toshiba Ã§ikti. Alacaksaniz  iyi bir marka olan Toshiba dan baska almayin.,34471ebd-191b-4931-92ea-21776492392c,2
"ÃœrÃ¼n Ã§ok gÃ¼zel ve hÄ±zlÄ± ÅŸarj ediyor, Xiaomi kalitesini gÃ¶stermiÅŸ. Ama Ã¼rÃ¼n hem baya geÃ§ geldi hem de mikro ara kablo geldi. HÄ°Ã§ bir yerde yazmÄ±yor mikro diye. Ã‡ok memnun kalmadÄ±m o yÃ¼zden.",b161a91c-9791-4cc2-b507-8ec3c3be3467,2
"Ocak kurulumu yapÄ±ldÄ±ktan sonra yanÄ±nda satÄ±lan temizleme Ã¼rÃ¼nÃ¼ ile
ocaÄŸÄ± sildiÄŸimizde kenar bÃ¶lgesindeki boyalarÄ± attÄ±. Bu kadar basit bir
Ã¼rÃ¼n olmamalÄ±.",bbc649f3-a893-478d-9eaf-a54d4e8f408a,0
KullanmasÄ± zormuÅŸ.ataÅŸtÄ±rmadan almayÄ±n ama paketleme vs hiÃ§ sÄ±kÄ±ntÄ± yok,7f00f391-13b5-4028-ac00-a9657c6f29a1,0
Ã¼rÃ¼nÃ¼nÃ¼z gÃ¼zeldi,a4f6b6ce-4cf6-4062-a38a-8f94788ebcaf,2
gayet gÃ¼zel. kÃ¼Ã§Ã¼k olmasÄ± ayrÄ±ca avantaj. seside beklentinin Ã¼stÃ¼nde,2756274c-69f7-4478-a7ce-5c8a582e619f,2
tv gÃ¼zel beÄŸendim  ama iÃ§inde hiÃ§ bir aparatÄ± yok,42e039a2-d5bb-475c-a575-c4b50226cd18,0
"ÃœrÃ¼n gÃ¼zel, hafi ince ama menzili Ã§ok kÄ±sa. 3 m. mesafede resmen tekliyor.",486063e0-8ffb-4f83-9abb-09a1fae30eeb,2
Eh iÅŸte kullanÄ±labilir fÄ±rÃ§alar geldi,aa6d46c4-f8b7-41f6-bbef-c51205b81166,0
"Evidea'dan ilk alÄ±ÅŸveriÅŸim sanÄ±rÄ±m. Temzi Ã§alÄ±ÅŸmalarÄ± Ã§ok hoÅŸuma gitti. Tekrar alÄ±ÅŸveriÅŸ yapacaÄŸÄ±ma emnim. Ancak Ä±zgara fiyatÄ±na gÃ¶re gÃ¼zel olsa da hemen eksilerini artÄ±larÄ±nÄ± yazayÄ±m alacak olanlara yardÄ±mcÄ± olsun.
Orta kÄ±smÄ± yatay olarak Ã§ok Ä±sÄ±nÄ±yor ancak alt ve Ã¼stler ortasÄ± gibi deÄŸil baya soÄŸuk kalÄ±yor. Sola doÄŸru sÄ±caklÄ±k dÃ¼ÅŸÃ¼yor.
ÃœrÃ¼n kesinlikle tek parÃ§a. AyrÄ±labilen tek parÃ§a kablosu. Tepsisi falan tamamen gÃ¶vdeye vidalÄ±. AÃ§Ä±lmÄ±yor. Ben o kÄ±smÄ±n ayrÄ±lÄ±p bulaÅŸÄ±k makinesinde yÄ±kanabileceÄŸini dÃ¼ÅŸÃ¼nmÃ¼ÅŸtÃ¼m.
YaÄŸ alan kÄ±sÄ±m ufak bir parÃ§a plastik. AltÄ±na koymanÄ±z ve sabit tutmanÄ±z gerekiyor. ÃœrÃ¼ne bÃ¼tÃ¼n bir parÃ§a deÄŸil.
ArtÄ±larÄ±na gelirsek
Kesinlikle bÃ¼yÃ¼k. Bu fiyata bu boyutta zor..
Evime Ã§Ä±karÄ±rken kutusu alttan aÃ§Ä±ldÄ± (bu arada altÄ± aÃ§Ä±lmaya mÃ¼sait kututunun dikkat edin) tangÄ±r tangÄ±r koca merdiven aÅŸaÄŸÄ± yuvarlandÄ±. KÄ±rÄ±lsÄ±n ama artÄ±k ÅŸu ses Ã§Ä±kmasÄ±n dedim hiÃ§ bir ÅŸey olmadÄ± :) ÃœrÃ¼n saÄŸlam. Plastikleri bile.
BaÅŸka ne denebilir ki? Temizlemesi zor. Muhtemelen yÃ¶ntemleri vardÄ±r ben bilemiyorum.
FiyatÄ± olarak gayet iyi ancak iyi bir ÅŸey arÄ±yorsanÄ±z baÅŸka bir ÅŸey bakÄ±n derim.",dd1f3d9c-246f-43aa-b68d-f2f3467b9a85,0
gÃ¼zel,aea2638c-a8b8-4fcd-8bf6-3eaf2940caf0,2
"Ã‡ok yÃ¼ksek beklentiniz olmasÄ±n, vasatÄ±n biraz Ã¼zerinde bir sese sahip. Ama Ã§ok kÃ¶tÃ¼ de deÄŸil, gÃ¼ndelik olarak gÃ¼zel bir Ã¼rÃ¼n. Tamamen beklentinize baÄŸlÄ±.",385fe30e-f77f-473c-a247-3a198712bc93,0
"kasasÄ± Ã§ok kÄ±rÄ±lgan, her an elinizde kalacak gibi, hÄ±zÄ± Ã§ok iyi, Ã§ok ama
Ã§ok Ä±sÄ±nÄ±yor. ama bu fiyata ÅŸimdi olsa yine alÄ±rdÄ±m.",f39fca36-822e-477e-8ba8-c97c0750f79a,2
ÃœrÃ¼n kÃ¼Ã§Ã¼k ve ÅŸÄ±k ama plastik kÄ±smÄ± sanki kÄ±rÄ±lacak gibi duruyor.,1bc27381-c14f-4fef-82f8-ea28824d5cf5,2
YORUMDA BELÄ°RTTÄ°ÄÄ°M GÄ°BÄ° KULLANIÅLI FÄ°YATINA GÃ–RE Ä°YÄ° BÄ°R ÃœRÃœN,c26b9f2b-e37f-40f1-a421-f5ca62bf252c,2
kargo Ã§ok hÄ±zlÄ± geldi ama Ã¼Ã§ Ã¼rÃ¼n aldÄ±m iÃ§lerinden biri Ã§ok Ã§izilmiÅŸ Ã§Ä±ktÄ± baÅŸkada bir sÄ±kÄ±ntÄ± yok,3fc64508-6073-4496-940a-37039b2254b3,2
Ã‡ok yoÄŸun kÄ±vamÄ± var,91d220b4-a69a-4681-b72b-aa870e268c46,0
Ã¼rÃ¼n gayet hÄ±zlÄ± ama Ã§ok ses yapÄ±yor..,2c0395bb-d945-4ebb-bb04-ae88af9b7500,0
Ayni fiyat bandina yakin kulakliklarin veremedigi sesleri cok ayrintili bir sekilde kaliteli ve temiz size sunmasi bu urunu tam bir f/p canavarina ceviriyor. Tasarimina ve cantasina tav oldum zaten.,3f702463-ecb6-47ca-b718-9fd4badf8873,2
sadece lg g5 ile Ã§alistigindan kotu ve iceri giren isigi engellemiyor ama kucuk ve hafif oldugundan fena deil,67c716a7-66a8-4f8d-8d48-b7e9a38a766e,2
Bende hem sivilceyi kÃ¼Ã§Ã¼ltmesi hemde biraz kapatÄ±cÄ±lÄ±k Ã¶zelliÄŸinden yararlanmak iÃ§in aldÄ±m. Fakat bu bildiÄŸiniz fondÃ¶ten. Hafif pÃ¼tÃ¼rlÃ¼ olduÄŸu iÃ§in kesinlikle fondoten sÃ¼rdÃ¼ÄŸÃ¼nÃ¼z anlaÅŸÄ±lÄ±yor zaten renk farkÄ±da oluÅŸuyor. Ha benim iÃ§in Ã¶nemli deÄŸil derseniz Ã¼rÃ¼n eh iÅŸte,15ece07d-ad5c-4d91-80a1-446b0b878395,0
PIYASADA EN UYGUN FIYAT VE KALITELI ÃœRÃœN TESEKKÃœRLER,d704f047-4eb1-4ba7-a79e-fdd7493f5d4e,2
gÃ¼venli ve titiz bir ÅŸekilde elime ulaÅŸtÄ±ÄŸÄ± iÃ§in teÅŸekkÃ¼r ederim  . dikkatli bir ÅŸekilde kargolandigi belli oldu paketi aldÄ±ÄŸÄ±mda.  kullanÄ±ÅŸlÄ± ve ihtiyacÄ± karÅŸÄ±layacak bir Ã¼rÃ¼n .ilerleyen zamanlarda sorun Ã§Ä±karmazsa dahada memnun olacaÄŸÄ±m. teÅŸekkÃ¼r ediyorum  .,605a985f-22eb-423c-a94d-48e529dfbcdb,2
"KurutmasÄ± Ã§ok iyi deÄŸil, onun dÄ±ÅŸÄ±nda gÃ¼zel.",0a60def8-e736-4952-ba3c-17d324fdbaf2,0
ÃœrÃ¼nÃ¼ bir yÄ±l Ã¶nce aldÄ±m.  Ã‡ekim gÃ¼cÃ¼ iyi ama uzun Ã§alÄ±ÅŸma sonrasÄ±nda aÅŸÄ±rÄ± gÃ¼rÃ¼ltÃ¼ yapmaya baÅŸlÄ±yor. Servis sorunu Ã§Ã¶zemiyor.,2cd9670a-500b-4b1c-bc59-e4154ff94f99,0
Ä°dare eder ayak tarafÄ± kÄ±rÄ±k olmasaydÄ± kargoda olmustur,157ceb0d-237a-468e-ad2e-3eb53668ff23,0
klasÄ±k bi aspratÃ¶r fiyatÄ±na gÃ¶re gayet kullanÄ±slÄ± alÄ±r almaz taktÄ±rdÄ±k 1 haftadÄ±r Ã§ok kalabalÄ±k bi aile olduÄŸumuz iÃ§in baya bi yemek piÅŸiyo farkÄ±nÄ± baya gÃ¶steriyo....,8a9b3d9a-4c28-4d03-a927-7523264b4b5b,2
"buzdolabÄ± fonksiyonunda Ã§alÄ±ÅŸtÄ±rÄ±ldÄ±ÄŸÄ±nda Ã¼st kÄ±sÄ±mda dondurucu
Ã§alÄ±ÅŸsaydÄ± on numara olurdu..yani dolab ya tamamen dondurucu ya tamamen
soÄŸutucu moduna geÃ§iyor..soÄŸutucu modunda Ã§alÄ±ÅŸÄ±rken bir bÃ¶lmesini
donudurucu olarak yapmalarÄ± gerekirdi diye dÃ¼ÅŸÃ¼nÃ¼yorum..ama uÄŸur
kalitesi tartÄ±ÅŸÄ±lmaz sanÄ±rÄ±m ilerde bu Ã¼rÃ¼nÃ¼ benim dediÄŸim ÅŸekilde
tasarlayacaklar..o zaman daha kullanÄ±ÅŸlÄ± olur",4248343a-0e54-4a86-b110-83f31fc24149,0
Ã¼rÃ¼nÃ¼ WC havalandÄ±rmasÄ± yapmak iÃ§in aldÄ±m. pencereyi sÃ¶ktÃ¼m. yerine dekora uygun bir mdf plaka Ã¼zerine bu fanÄ± monte ettim. kabloyu gizli Ã§ektim. WC aydÄ±nlatma anahtarÄ± ikiliydi. bir hattÄ± bu fana baÄŸladÄ±m. ihtiyaÃ§ olduÄŸunda Ã§alÄ±ÅŸtÄ±rÄ±yorum. 2 dk da tuvalette koku bÄ±rakmÄ±yor. daha sonra birde zaman rÃ¶lesi ekledim. 10 dk dur. 2 dk Ã§alÄ±ÅŸ ÅŸeklinde fana yol veriyor. sÃ¼per oldu. WCde koku sorunu olanlara tavsiye ederim.,846facb3-f707-4d3a-bc18-1d27f158fa81,2
Bu fiyata alinabilecek mÃ¼kemmel bir televizyon. Tam bir fiyat performansÃ¼rÃ¼nÃ¼. Kanal geÃ§isleride muadillerine gÃ¶re kÃ¶tÃ¼ degil.,2d6ffe18-ac30-4321-8b46-5fa479f3848b,2
Ã¼rÃ¼nÃ¼ henÃ¼z kullanmafÄ±m ancak doktor arkadasÄ±ma bu Ã¼rÃ¼nÃ¼ tavsiye etmiÅŸ..satÄ±cÄ±ya tÅŸk ederim hem Ã§ok uygun fiyat hemde hÄ±zlÄ± kargo nedenÅŸyle...fiyatÄ± o kadar uygun ki bir tane daha mÄ± alsam:)??,c150bd3e-30d4-49a5-9643-8c73ee1542fc,2
kargo hizli geldi. servisi kurulumu zamaninda yapyi bu konularda sikintisizdi. ancak davlumbazi yemeÄŸin altini acmadan once 10 dk en dusuk konumda calistirmak lazimmis. eger calistirmazsaniz kokuyu cekmiyormus. ki bence Ã§ekim gÃ¼cÃ¼ iyi degil.  fÄ±rÄ±nÄ± geÃ§ piÅŸiriyor. cam ankastre olduÄŸu icin gÃ¼veÃ§ yapilmayacakmis Ã§Ã¼nkÃ¼ gÃ¼veÃ§ camÄ±n patlamasina neden oluyormus.,a899b008-5a6f-430b-81cc-7a4efd208724,2
ÃœrÃ¼nÃ¼n klavyesi de mouse da arada sÄ±kÄ±ntÄ± Ã§Ä±karÄ±yor. FiyatÄ±na gÃ¶re idare eder diye dÃ¼ÅŸÃ¼nÃ¼n,3f16a662-c113-48eb-9acc-a5ab54810706,0
ÃœrÃ¼n iyi anlatmaya gerek yok.Tek sorun ptt kargo olmamasÄ±,3bff03fe-e3ec-4613-aaa0-9269ca9552c5,2
"SipariÅŸ veriyorum, umarÄ±m beklediÄŸim gibi Ã§Ä±kar",47a5e022-9479-4272-ba86-073746816b5f,2
biraz alÄ±ÅŸmak lazÄ±m Ã§Ã¼nkÃ¼ ben arada sÄ±rada Ã§aÄŸrÄ± sonlandÄ±ÄŸÄ±nda karÅŸÄ± taraftan daha geÃ§ bastÄ±ÄŸÄ±mda dÃ¼ÄŸmesine son arananÄ± arÄ±yor. sesi kaliteli ama kulaklÄ±ÄŸÄ±n ona biÅŸey diyemem. ayrÄ±ca ÅŸÄ±k duruyor.,a74f29cb-fcc0-49e4-92a7-b723cfbc8fe1,2
"MNG kargodan ÅŸikÃ¢yetÃ§iyiz Ã§Ã¼nkÃ¼ evde olduÄŸumuz halde ulaÅŸtÄ±ramadÄ±klarÄ±nÄ±
Bu nedenle kargo ÅŸirketinden gidip almamÄ±z gerektiÄŸini sÃ¶ylediler. Firma
iÃ§in de ÅŸunu sÃ¶yleyebilirim gÃ¶nderdiÄŸi Ã¼rÃ¼nÃ¼n kutusu aÃ§Ä±k ve Ã¼rÃ¼nÃ¼n
plastik ambalajÄ± dÃ¶kÃ¼lmÃ¼ÅŸtÃ¼. bu durum bizi Ã§ok Ã¼zdÃ¼.",8fb84d98-5dad-4fca-9a5b-cec34b5c3a2c,0
"ÃœrÃ¼n ihtiyacÄ±mÄ± karÅŸÄ±lÄ±yor. Kasa iÃ§i iÅŸÃ§ilik bana gelen Ã¼rÃ¼nde kÃ¶tÃ¼ydÃ¼.
Ä°ÅŸlemcinin fanÄ± dÃ¼ÅŸmÃ¼ÅŸ termal macun kasa iÃ§inde saÄŸa sola bulaÅŸmÄ±ÅŸtÄ±.
AyrÄ±ca kasanÄ±n iÃ§indeki SSD kutusuz ve sabitlemek iÃ§in silikon ile
kasaya yapÄ±ÅŸtÄ±rÄ±lmÄ±ÅŸ ÅŸekilde geliyor. AyrÄ±ca Wifi hediyesi Ã¼rÃ¼nÃ¼n
yanÄ±nda gelmedi.",299d42aa-f080-4c35-b142-db0ddd9e482d,0
Ã¼rÃ¼n tam istediÄŸim kalitede deÄŸil. fiyata gÃ¶re daha iyisini yapÄ±labilirdi.,42135080-9818-44cf-b08b-19a6a0b54ac9,0
iÅŸ yerinde kullanÄ±yorum espresso ve sade kahveyi gÃ¼zel yapÄ±yor ama sÃ¼ttlÃ¼ kahveler gÃ¼zel deil sÃ¼tÃ¼ Ä±sÄ±tmÄ±yor kendinizi biraz Ä±sÄ±tÄ±p kullanmanÄ±z lazÄ±m kÃ¶pÃ¼rtme ÅŸekli garip tadÄ±nÄ± bozuyor sÃ¼tÃ¼n. sÃ¼tlÃ¼ kahve iÃ§miyorsanÄ±z gÃ¼zel,188ac0f8-8e4c-4e61-aa84-3cf4946d555c,2
ÃœrÃ¼n Tam istediÄŸim gibi deÄŸil kapaÄŸÄ± metal olmalÄ±ydÄ±,2e0a38c6-efca-455a-bcf4-4c9eb455a440,0
MenÅŸe Ã¼lkesi kore Cumhuriyeti deÄŸil Ã§indir ama yine iyi bir ÅŸeye benziyor deneyip bakayÄ±m,28a8bbde-7635-4a81-a621-5aa85a2fc0e8,2
YaklaÅŸÄ±k olarak 3 aydÄ±r kullanÄ±yorum. Davlumbaz Ã§ekim olarak iyi fakat Ã§ok gÃ¼rÃ¼ltÃ¼lÃ¼ Ã§alÄ±ÅŸÄ±yor. Dokunmatik tuslar bi kac kere bastÄ±ktan sonra algÄ±lÄ±yor.  FÄ±rÄ±n guzel piÅŸiriyor  fakat saat kismi her elektrik kesintisinde sÄ±fÄ±rlÄ±yor  tekrar ayarlamak gerekiyor pilli deÄŸil.fan Ã§alÄ±ÅŸÄ±rken piÅŸirdiÄŸimiz tÃ¼m  hamur iÅŸleri  kurumuÅŸ ve sert olarak Ã§Ä±kÄ±yor o yÃ¼zden  fanli piÅŸirmeyi beÄŸenmedim.ocak olarak Ã§ok fazla iz bÄ±rakÄ±yor. DÃ¶kÃ¼m olan Ä±zgaralar bulasik makinesinde yikanabiliyor fakat sicrayan yaÄŸlar leke yapiyor temizliÄŸi Ã§ok zorluyor. Genel olarak fiyat performans Ã¼rÃ¼nÃ¼ diyebilirim.,041c6d6c-3665-4368-a17a-b37aa03c90b9,0
tasarÄ±mÄ± Ã§ok ÅŸÄ±k. rose kahve makinemiz vardÄ± yan yana Ã§ok yakÄ±ÅŸtÄ±lar fakat Ã§ok gÃ¼rÃ¼ltÃ¼lÃ¼ Ã§alÄ±ÅŸÄ±yor su kaynatÄ±rken. bu nedenle iade ettim maalesef.,34227373-2a1e-4910-a71d-b11b73314e64,2
ÃœrÃ¼n gayet iyi ve kullanÄ±ÅŸlÄ±.Tavsiye edilir.,9091270e-a2d8-4776-b4b4-08b0527e4acc,2
"ÃœrÃ¼n cezveden hallice olduÄŸu iÃ§in paketi aÃ§madan iade ettim, 1.2 lt nin bu kadar kÃ¼Ã§Ã¼k olacaÄŸÄ±nÄ± tahmin edememiÅŸtim.",3f432996-c0d7-470b-8a99-6ec94b134180,0
gÃ¶rÃ¼nenden bi tik daha aÃ§Ä±k bir renk ama dokusu gÃ¶rÃ¼nÃ¼ÅŸÃ¼ harika sÃ¼rÃ¼mÃ¼ kolay dudaklarÄ± kurutmuyor ve topaklanmiyor.,179529b3-f452-4ada-a711-116c13a30654,2
Malzeme yapÄ±sÄ± olarak hiÃ§ kalite hissiyatÄ± vermiyor.ÃœrÃ¼n sadece Ã¶zellikli olduÄŸu iÃ§in fiyatÄ± bÃ¶yle,3d2338e2-e046-41f2-9a51-5c87397be145,0
Ã¼rÃ¼n bana hediye olarak gelmiÅŸti.ufak Ã¶zellikle soÄŸan doÄŸrarken en bÃ¼yÃ¼k yardÄ±mcÄ±m.hem pratik hem rahat kullanÄ±ma sahip hemde temizlemesi Ã§ok kolay.,fc49210e-0005-4c2d-a131-02e2f7e3c5b1,2
Kutu iÃ§inden kullanma kÄ±lavuzu kitapÃ§Ä±k Ã§Ä±kmadÄ± ve internetten seyrettiÄŸim kadarÄ±yla kutu aÃ§Ä±lÄ±mÄ± hiÃ§ te beklediÄŸim ÅŸekilde deÄŸildi fakat gÃ¶nderim konusunda bir ÅŸey diyemem bugÃ¼n istedim yarÄ±n elimdeydi kargo iÃ§in paketleme iyi yapÄ±lmÄ±ÅŸ en azÄ±ndan Ã¼rÃ¼ne zarar gelmemiÅŸ kitapÃ§Ä±ÄŸÄ± dÄ±ÅŸÄ±nda eksizsiz geldi Ã¼rÃ¼nÃ¼ iÅŸ yerime istediÄŸim iÃ§in daha kullanamadÄ±m,ca59a810-6fc9-454f-9185-afc04677f8e2,0
yani  idare edebilir 1  2 aylÄ±k Ã¼rÃ¼n Ã§ok bÃ¼yÃ¼k beklentiniz olmasÄ±n,acbc3f31-2f02-4c3a-9470-6f21c8d15482,0
evet beÄŸendim. yaz sÄ±caklarÄ±nsda kullanacaÄŸÄ±m.,b6e89200-cb0b-4649-ab31-8ca3ba33a8cd,2
"ArkadaÅŸlar Ã¼rÃ¼nÃ¼ aldÄ±m. 
Biraz BÃœYÃœK, Ses Kalitesi gÃ¼zel, KullanÄ±mÄ± zor geldi.
Birde USB den mp3 Ã§alamadÄ±m. YÃ¶ntemini bilen varsa bir zahmet anlatsÄ±n",bf742df9-f8d5-4282-b589-26ea75450f5d,2
GÃ¼zel ve hÄ±zlÄ± teslimat,bd50716c-611d-46a2-9ba3-bd3fadf57687,2
"Ã¼rÃ¼n dÃ¼nya standardÄ±nda bir Ã¼rÃ¼n gayet yeterli geldi 16metre odama fakat
lojistik firmasÄ± sÄ±kÄ±ntÄ±lÄ± ve satÄ±cÄ± sÃ¼rekli yanlÄ±ÅŸ bilgilendirme
yapÄ±yor acele olduÄŸu halde 4 gÃ¼nÃ¼n sonunda 80 km yol giderek kendim
aldÄ±m Ã¼rÃ¼nÃ¼ yoksa 7 10 gÃ¼n arasÄ±nda teslim gÃ¶rÃ¼nÃ¼yordu tercih sizin",c8f12d6b-2a5b-4134-8e58-51b895cc934f,0
gayet sessiz ve genis konusmak icin erken ama alinabilecek en iyi buz dolabi,f6366f47-7c82-48be-b51a-865d18ada023,2
Ã¼rÃ¼n gÃ¼zel sorunsuz,f10f17c2-18e1-456f-84fc-ac53628418c3,2
Urun elime ulasti kurulumlari yaptim. Genel olarak iyi sayiliyir ama bunun yerine mi smart 4 daha iyi onu alinnderim,478f4716-4f1a-41bf-a3fc-981626f86ae3,2
"eski bir cx300 kullanÄ±cÄ±sÄ± olarak bu fiyata beklentim daha fazlaydÄ±
aÃ§Ä±kÃ§asÄ±. kÃ¶tÃ¼ deÄŸil nerden baktÄ±ÄŸÄ±nÄ±za baÄŸlÄ±.tizler fazla ve basslar
doygun deÄŸil maalesef",c77bbb76-fb9a-422a-a00c-bc652c4e5261,0
fakat urun hakkinda neredeyse hic bilgi yok bi alt sekment urunun aciklamasida goz dolduruyor yorumlarida bunun yerine onu tercih edecek gibiyim 6 olsa nolur 5 olsa ne olur bir eksik + olsa ne olur olmasa ne olur dijital gosterge olsa ne olmasa farklar bunlar gibi.. umarim hayirli olur..,4ca596d0-9150-40ce-8d06-e86cee1717f4,0
evet beÄŸendim daha ÅŸÄ±k paketleme olabilirdi estetik Ã¶nemli,79c2eec1-56ae-4197-ac02-e71e1367de7e,2
"ÃœrÃ¼n elime ulaÅŸtÄ±
Ã¶nce artÄ±lar

Ä°Ã§erikler gÃ¼zel
HÄ±z idare eder
TV'yi Smart yapmasÄ± ihtiyaÃ§larÄ± karÅŸÄ±lÄ±yor

eksiler

ÃœrÃ¼n yarÄ±m saatten sonra sesi kaydÄ±rÄ±yor
HÄ±zÄ± belirgin seviyede dÃ¼ÅŸÃ¼yor
SatÄ±cÄ±ya sorunu bildirdim ilgili davranmadÄ±
Servisi aradÄ±m Ã¼rÃ¼n arÄ±zalÄ± dedi gÃ¶ndermemizi istediler.
GÃ¶rÃ¼ntÃ¼ kalitesinden Ã§ok ÅŸey beklemeyin gÃ¼zel sayÄ±labilir
Ä±sÄ±nÄ±nca gÃ¶rÃ¼ntÃ¼ kalitesi de bozuluyor.",dd8f88c7-09e5-4b57-aa8d-7c7c73a06a76,0
gÃ¼zel Ã¼rÃ¼n beÄŸendim,bdb0913a-3273-4605-ad69-6396acca8227,2
"KorynaklÄ± yollamÄ±ÅŸ Ã¼rÃ¼n ortalama iÅŸte parasÄ±yla aynÄ± deÄŸere gelebilir...
F/p denilebilir fiyatÄ± artmafÄ±kÃ§a  almak iÃ§in uygun bir Ã¼rÃ¼n",7346358d-9fc1-4868-a2db-eed9c0d0c5f5,2
"gÃ¶rÃ¼ndÃ¼ÄŸÃ¼nden kÃ¼Ã§Ã¼k, sesi Ã§ok yuksek Ã§Ä±kmÄ±yor ama temiz",9f729dda-dc5c-4bb7-a470-b63727ff1877,0
"1 senelik kullanÄ±mdan sonra baÄŸlantÄ± yavaÅŸlÄ±ÄŸÄ± ve ara ara baÄŸlantÄ± kopmalarÄ± oluyordu. Bu sebepten Ã¶tÃ¼rÃ¼ baÅŸka bir modeme geÃ§tim ve oda bozuldu, geÃ§ici bir sÃ¼re tekrar bu modemi kullanmaya baÅŸladÄ±m 
 Aradan 2 ay geÃ§ti ve tabiri caize modem Ã¶ldÃ¼. WIFI modÃ¼lÃ¼nde sÄ±kÄ±ntÄ± var, ortalama 30dk da bir WIFI baÄŸlantÄ±sÄ± kopuyor
Garanti zaten 12 ay. En fazla 12 ay kullanabilirsiniz. Haberiniz olsun.",feb06ebc-f037-4c5e-8d3b-ab99758d9e62,0
Bu paraya git mi band 4 al en azÄ±ndan karÅŸÄ±lÄ±ÄŸÄ±nÄ± fazlasÄ±yla alÄ±rsÄ±n,edda35dd-9e9f-4793-81c4-4a99593986c2,0
Yorumlari okuyarak aldim. Yorumlari faydali buluyorum. Cok isiniyor demisler okadar isinmiyor. kanal degistiriken iyi algilamiyor demisler oda oyle degil guzel algiliyor. Tv izlerken bazen sesi kendi kendine azaliyor sonra geri artiyor arizali mi yoksa hepsi mi boyle bilemedim.,ed6c5cc9-21aa-4285-a20c-5c5349a10656,2
Ã¼rÃ¼n kesinlikle 5 kere ÅŸarj felan ETMÄ°YOR. bende iphone 7 var 3 kere ÅŸarj etse ÅŸÃ¼kÃ¼r,24858d31-d3f5-4279-ab17-1900c49a1763,0
Daha ilk dosyayÄ± kopyalarken kopyalayamadÄ± okuma hatasÄ± Verdi. Uygun bir software ile tarama yaptÄ±rdÄ±m. Ã‡ok fazla bad sector Ã§Ä±ktÄ±. cihaz mÄ± dandik yoksa kargoda bir darbe mi aldÄ± bilmediÄŸim iÃ§in 3 yÄ±ldÄ±z verdim. HiÃ§ kullanamadÄ±m. AyÄ±plÄ± Ã¼rÃ¼n olarak iade ettim. Bad sector olduÄŸunu belirtttim. ParamÄ± iade ettiler. SonuÃ§ta maÄŸdur olmadÄ±m yinede.,2da0398e-9f25-43a2-8f84-44381c9493b2,0
Fazla araÅŸtÄ±rmayÄ±n piyasanÄ±n en iyisi en tasarruflusu,7b62a820-792e-44e1-96a5-abfed3c1e04e,2
HenÃ¼z denemedik,e8a21009-0b70-428d-b46f-dc2c2d05f815,0
"PiÅŸirmesi gÃ¼zel ancak buradan Ã¼reticiye sesleniyorum. IsÄ±tÄ±cÄ±ya koyulan emniyet mÃ¼ÅŸÃ¼rÃ¼ akÄ±llÄ±ca ve gerekli ancak nasÄ±l koyarsanÄ±z koyun ikinci kullanÄ±mdan sonra yerine tam oturmadÄ±ÄŸÄ± iÃ§in mÃ¼ÅŸÃ¼re baskÄ± olmadÄ±ÄŸÄ±ndan Ã§alÄ±ÅŸmÄ±yor. Ben kaÄŸÄ±t sÄ±kÄ±ÅŸtÄ±rarak hallettim. 4. IsÄ± ayarÄ±nda et, kÃ¶fte gÃ¼zel yakmadan mangal tadÄ±nda piÅŸiriyor. FiyatÄ±na gÃ¶re gÃ¼zel Ã¼rÃ¼n. ( emniyet mÃ¼ÅŸÃ¼rÃ¼ hariÃ§ )",32c3071a-36a3-47a3-b9ef-87602553f4c3,2
pc iÃ§in ideal olabilir,e2474b81-e2e7-4365-be5a-edeb19191751,2
bu Ã¼rÃ¼nÃ¼ arkadaÅŸÄ±mÄ±n tavsiyesi Ã¼zerine almÄ±ÅŸtÄ±m ÅŸimdi Ã¼rÃ¼nÃ¼ tekrar talep edip alÄ±yorum ben memmunum daha Ã¶ncede kullanmÄ±ÅŸtÄ±m hoÅŸuma gidiyor beÄŸeniyorum aldÄ±m,b1a7a28b-9bb5-4b0c-9a64-4a0318ce940e,2
"yÃ¼ksek performans beklemeyin. evde internet, Ã¶dev vs iÃ§in yeterli bir Ã¼rÃ¼n. ancak iÅŸ iÃ§in veya oyun iÃ§in alacaksanÄ±z tavsiye etmem. Ã¼rÃ¼n yeni olsada kullanÄ±lan donanÄ±mlar ÅŸuan piyasada olmayan eski tarihli Ã¼rÃ¼nler",36ebdc0a-25f5-48be-b6a7-9c4e2cac49a4,0
Ã¼rÃ¼nÃ¼ daha kullanmadan antalya yetkili servisi sayesinde aldÄ±ÄŸÄ±ma piÅŸman oldum.,4a766fb0-e513-41b1-a1c9-a2353bda03a0,0
"Ã–ncelikle buradaki yorumlar beklentinizi bÃ¼yÃ¼tmesin. Daha Ã¶nce15-20
liralÄ±k bir hoparlÃ¶r takÄ±lÄ±ydÄ±. Onun yerine bunu kullanmaya baÅŸladÄ±k.
Ä°lk izlenimimiz Ã§ok ciddi bir ses farkÄ± yok. Daha iyi ses iÃ§in 100 tl ve
Ã¼zeri Ã¼rÃ¼nlere yÃ¶nelmekte fayda var.",e6570ab3-55f0-4850-9bc6-21b3aa415a86,0
Bende arastirma asamasindayim.izgarada olmasi iyi gibi gorunuyor.ama temizligi nasil acaba,31e85cf3-0072-4081-891e-289d44ca4a58,2
ÃœrÃ¼nÃ¼ alalÄ± 1 hafta olacak. Pil performansÄ±ndan ve ekran kartÄ±ndan memnun deÄŸilim. BataryasÄ± yaklaÅŸÄ±k olarak 1-2 saat gidiyor. Sanki yÄ±llardÄ±r kullanmÄ±ÅŸÄ±m da batarya Ã¶lmÃ¼ÅŸ gibi. Ekran kartÄ±na gelecek olursak radeon 530 var ama sistem kurulumu yaptÄ±ÄŸÄ±mda r7 m440 olarak gÃ¶rÃ¼yor. Lenovo ya ÅŸikayet oluÅŸturdum ama cevap vermediler daha. Onun haricinde gÃ¼nlÃ¼k iÅŸler iÃ§in ideal.,0474f957-107e-41a8-a9cf-1a044dd5f221,0
HÄ±zlÄ± kargo iyi sÃ¼per iyi,d6758e9f-8057-4c43-915f-6de8f6d3c033,2
"Merhabalar 
Daikin 35 kw lik kombi aldÄ±m 125m2 ev var 12 mt petek 40 derecede yaktigimda 24 saatte 10m3 yakÄ±t yakti bunu da aylÄ±k olarak dÃ¼ÅŸÃ¼nÃ¼rsek 500-600 tl gibi bir rakam Ã§Ä±kÄ±yor bence Ã§ok fazla 
Birde siz kullanan arkadaÅŸlardan ricam benim kombimin motoru hiÃ§ durmadan Ã§alÄ±ÅŸÄ±yor bunuda ÅŸÃ¶yle bakabilirsiniz en saÄŸdaki butona 2 defa basÄ±p karÅŸÄ±nÄ±z A00 Ã§Ä±kÄ±yor bu gidiÅŸ suyunun sÄ±caklÄ±ÄŸÄ±nÄ± gÃ¶steriyor saÄŸ taraftaki pottan dÃ¶nen butondan A14 gÃ¶rene kadar Ã§evirin buda motorun dÃ¶nÃ¼ÅŸ hÄ±zÄ±nÄ± gÃ¶steriyor sizin kombinizde surekli Ã§alÄ±ÅŸÄ±yor mu bunu merak ediyorum ...",43a11d9e-06e1-42e3-8c35-5008921053d0,0
50 liralÄ±k kulaklÄ±ktan 300-400 ve Ã¼stÃ¼ fiyatlardaki kulaklÄ±klarÄ±n performansÄ±nÄ± istemek saÃ§malÄ±k olur.2 hafta kullandÄ±ktan sonraki deneyimlerimi yazÄ±yorum.Bas aÄŸÄ±rlÄ±klÄ± mÃ¼zik seven birisi olarak beni tatmin edemedi aÃ§Ä±kcasÄ±.Ben kulaklarÄ±mÄ±n titremesini hissedemedim baslar biraz arkada kalÄ±yor.Sesi yÃ¼kselttiÄŸimde tizler midler dayanÄ±lmaz derecede beni rahatsÄ±z etti.Kablo kalitesine gelicek olursak ben daha kullanmadan jak kÄ±smÄ±nÄ±n oraya kalemlerin iÃ§indeki yaydan taktÄ±m gÃ¶rÃ¼ntÃ¼sÃ¼ ve hissiyatÄ± biraz dandik duruyor.Bu fiyat bandÄ±nda daha iyisi varmÄ±dÄ±r elbette vardÄ±r araÅŸtÄ±rÄ±p bulmak lazÄ±m yok uraÅŸamam diyorsanÄ±z alabilirsiniz Ã§ok beklendiniz yoksa iÅŸinizi gÃ¶rÃ¼r saygÄ±lar.,cf79dbc4-4b3d-4ad2-8f81-a8bc834003f5,0
"Benim gibi sivilceye baya yatkÄ±n bir cildiniz var ise, bir kez daha dÃ¼ÅŸÃ¼nÃ¼n. KullandÄ±ÄŸÄ±m ilk hafta cildimdeki diÄŸer sivilceleri baya dÄ±ÅŸarÄ± attÄ± ve onun izleriyle biraz uÄŸraÅŸÄ±yorum. Ã‡Ä±kan sivilceyi de hÄ±zlÄ±ca sÃ¶ndÃ¼rebiliyor ama anlaÅŸÄ±lmaz bir ÅŸekilde hemen izini bÄ±rakÄ±yor. Temizlik konusuna asla sÃ¶zÃ¼m yok duÅŸtan sonra bile kir Ã§Ä±ktÄ±ÄŸÄ±nÄ± gÃ¶rebiliyorsunuz. Herkesin cildi farklÄ± denemek gerek ve kesin konuÅŸmamak gerek.",9a4f0e16-3eef-4441-9422-e429d1fa01d9,0
Ã¼rÃ¼n Ã§ok iyi dÃ¼ÅŸÃ¼nmeden alabilirsiniz,a8f97159-726e-475e-9a5e-836235c0dda4,2
"Ã¼rÃ¼nÃ¼n tutuÅŸ gÃ¼cÃ¼ Ã§ok dÃ¼ÅŸÃ¼k yapÄ±lan saÃ§ Ã§ok Ã§abuk bozuluyor. bunu
bilerek alÄ±n.",141bc2e7-d303-4926-be29-8961f22154ec,0
"Avantajlar : fiyat,lg kalitesi<br />Dezavantajlar : akÄ±llÄ± kumandasÄ± yok<br />akÄ±llÄ± kumanda neden her Ã¼rÃ¼nde yokanlamÄ±yorum ve kaÃ§ yÄ±l Ã¶nce aldÄ±ÄŸÄ±m lg nin kumandasÄ± Ã§ok kaliteli ve kullanÄ±mÄ± kolaydÄ± ÅŸÄ±ktÄ± ÅŸimdikiler Ã§ok bayaÄŸÄ± ve ekstra Ã¼cretli olmasÄ± da dezavantajgenel olarak lg kalitesi ile fiyat kÄ±yaslandÄ±ÄŸÄ±nda Ã§ok iyi",4e8c081b-7d4b-4e18-a3d3-cff58bc48c51,0
Ã¼rÃ¼n gayet gÃ¼zel ve ÅŸÄ±k bence Ã¶zellikle 3-4 bin lira vermek istemeyenlere tavsiye ederim.servistede sÄ±kÄ±ntÄ± yaÅŸamadÄ±m.kargoda gayet gÃ¼zel ve Ã¶zenliydi.kÄ±rÄ±k Ã§Ä±kÄ±k eksik birÅŸey yok tu.benden bu kadar...,7832eed9-0557-44da-8794-6b147120ce7f,2
"Ã‡ok aÄŸÄ±r ve hantal bir yapÄ±sÄ± var :( Â bu kadar aÄŸÄ±r ve bÃ¼yÃ¼k olduÄŸunu
bilseydim almazdÄ±m :(",f2d71f97-a8f3-40ac-996e-fcd9210d6a66,0
doktorumun tavsiyesiyle aldÄ±m doktorum bundan sonra daimi yÃ¼z yÄ±kama sabunun bu olucak dedi gerÃ§ekten Ã§ok iyi bir Ã¼rÃ¼n yÃ¼zÃ¼m artÄ±k hiÃ§ yaÄŸlanmÄ±yo,1654dd0f-a099-455a-b11b-92ffbb392197,2
"usb hÄ±zÄ± ve kalitesi iyi ama biraz fazla Ä±sÄ±nÄ±yor korkutuyor aÃ§Ä±kÃ§asÄ±
buda beni yanÄ±cakmÄ±ÅŸ gibi Ã¶nemli bilgileri attÄ±ktan sonra yanarsa diye dÃ¼ÅŸÃ¼ndÃ¼rÃ¼yor",930f575b-5e45-4a62-92fa-189a159ec9ad,0
"ÃœrÃ¼n orijinal ve iyi paketlenmiÅŸ, renk olarak dÃ¼z siyah geldi, kenarlarÄ± metalik deÄŸil yani, ses kalitesi orta seviyede tatmin ediyor, ses detaylarÄ±nÄ± gÃ¼zel veriyor, daha kaliteli istiyosanÄ±z  mega bass serisi alÄ±n tabi, teÅŸekkÃ¼rler",905060c5-017a-4831-babd-a8934ad684c5,2
Bu Ã¼rÃ¼n global vereiyon mu ?    Alan arkadaÅŸlar dil seÃ§eneÄŸi TÃ¼rkÃ§e mi?,a1fce1e6-0e8c-471b-8b4e-4ba1bf8a163a,2
"ÃœrÃ¼n malzeme kalitesi aÃ§Ä±sÄ±ndan iyi, ÅŸarj etme sÃ¼resi anlamÄ±nda ?? diÄŸer adaptÃ¶rlerden bi farkÄ± yok. Sadece Ä±sÄ±nma aÃ§Ä±sÄ±ndan belli belirsiz bi Ä±sÄ±nma var. Onun dÄ±ÅŸÄ±nda bu kadar para verip bi fark gÃ¶rmemek hiÃ§ de hoÅŸ deÄŸil.",f4137a58-e1f4-4e18-880f-4dacb8e4ff55,0
"KulaklÄ±ÄŸÄ±n metal alaÅŸÄ±m kÄ±smÄ±yla plastik kÄ±smÄ± ayrÄ±ldÄ± ve kullanÄ±lamaz hale geldi, ses kalitesi fiyatÄ±na gÃ¶re iyi fakat malzeme kalitesini beÄŸenmedim.",872a31ac-e493-48fc-9c84-abf769e17b48,0
"HoparlÃ¶r kablosu kÄ±sa geliyor bilgisayar masasÄ±na ses Ã§ok net berrak
ama Ã§ok kaliteli birÅŸey degil kulaklÄ±k takamÄ±yorsunuz Ã¼rÃ¼n resimde bÃ¼yÃ¼k
gÃ¶zÃ¼kÃ¼yor ama kÃ¼Ã§Ã¼k",ca390e1c-b033-4254-900d-24a345f9fe6e,0
Bilgisayar yani masa ustu eyvallah ama odada daha genis bir kitleye hizmet etsin derseniz daha guclu modele bakin derim. Ama suratli ve sikintisiz dagitim oldu. Tesekkurler.,4924c8c2-20c5-492e-8ef7-e7e3da37451b,2
LogÄ±tech z313 ses sistemi 2 +1 ve 25 w ses Ã§Ä±kÄ±ÅŸÄ±yla  gerÃ§ekten gÃ¼zel ve gÃ¶sterisli bir Ã¼rÃ¼n alacak arkadaslara logÄ±tech kalitesini tavsiye ederim.,4828e5d8-2711-4b35-bc74-b9ea55e79909,2
"kamerayÄ± son bi kaÃ§ gÃ¼ndÃ¼r elimde inceledim. Ã¶nce artÄ±larÄ± benim iÃ§in boyutuna gÃ¶re Ã§ok iyi bir zoom var. vede en Ã¶nemlisi sarsÄ±ntÄ±da , yÃ¼rÃ¼rken gibi sallanma durumlarÄ±nda sanki kamera sabitmiÅŸ gibi gÃ¶rÃ¼ntÃ¼de hiÃ§ sallanma yok.. Ã§ok iyi yapmÄ±ÅŸlar.. telefon usb ise aynÄ± voltaj da ÅŸarj oluyor. buda bi batary bank ile istediÄŸiniz yerde 220 v olmadan ÅŸarj edebilirsiniz. pil makeraya takÄ±lÄ± iken ÅŸarj oluyor ayrÄ± bi ÅŸarj Ã¼nitesi olmamasÄ± da Ã§ok gÃ¼zel

eksi olarak sÃ¶yleyecek ÅŸeyim ise. usb sarj ucu bildiÄŸiniz bilgisayara taktÄ±ÄŸnÄ±z usb ucu gibi kameraya sabit. yani kameranÄ±n yanÄ±nda usb kablosu var onuda elciÄŸin iÃ§ine gizliyorunuz. oksitlenrmi zamanla su kaÃ§sa iÃ§ine ne olur bilemiyorum. ekranÄ± dokunmatik deÄŸil.. bide dahili wifi olsaymÄ±ÅŸ iÃ§inde iyi olurmuÅŸ. wifi li modeli var sanÄ±rsam. ama TÃ¼rkieyde varmÄ± bilmiyorum. 

KÄ±sacasÄ± bence ne pahalÄ± nede ucuz. tam parasÄ±na uygun bir cihaz.
bide alacaksanÄ±z . ayrÄ±ca taÅŸÄ±ma Ã§antasÄ± satÄ±nalmanÄ±zÄ± tevsiye ederim",7fa9e557-d85d-467b-a19c-cbb86c2f524e,2
"Asus ile bu Ã¼rÃ¼n arasÄ±nda kaldÄ±m, yorumlarda Asus Ã§ok Ä±sÄ±nÄ±yor ve Ã§ekim
mesafesi Ã§ok az  tp-link daha iyi denildiÄŸi iÃ§in bu Ã¼rÃ¼nÃ¼ aldÄ±m. Ancak
bu vr400 de aÅŸÄ±rÄ± derecede Ä±sÄ±nÄ±yor, kasanÄ±n Ã¼zerine koyuyorum kasadaki
Ã¼st fanlar soÄŸutsun diye, Ã§ekimi ise 2.4 de 15m den fazla
uzaklaÅŸmamalisiniz, bu bana yetiyor, ama Ä±sÄ±nma sorunu iÃ§in laptop
soÄŸutucu fan almam gerekecek.",749484c1-9bb1-452b-9890-905286050dd9,0
samsung 7 serisi 2019 Ã¼retim tv. gÃ¶rÃ¼ntÃ¼sÃ¼ smart Ã¶zelliklerininakiciligi ve akilli kumandasi ile bu fiyat tam karsiligi.,3c7e18df-1859-48e4-961d-76b4a17650b5,2
FiyatÄ±na gÃ¶re iyi bi Ã¼rÃ¼n alÄ±nabilir,acf780ba-e0e3-4eca-8fde-1235d7928388,0
makinanÄ±n heryeri yapÄ±ÅŸkanlÄ± gibi tuttuÄŸum yer yapÄ±ÅŸÄ±yor,b000eb19-9fac-4152-80aa-44f11df2ae5c,0
KÃ¼Ã§Ã¼k olmasÄ± nedeni ile taÅŸÄ±nmasÄ± kolay. Ä°nternet'te gezinmek ufak tefek ofis iÅŸleri iÃ§in ideal. Daha ileriki iÅŸler iÃ§in paraya kÄ±yÄ±p daha iyisi alÄ±nabilir.,2a6ee4b0-8cf8-4cd6-a106-36593014d318,2
Ä±sÄ±nma sÃ¼resi iyi fena deÄŸil fakat alt ayaklar orantÄ±sÄ±z topal duruyor,cf008326-96a0-49a5-a44d-22fc92bac52e,0
"ÃœrÃ¼nÃ¼n okuma yazma hÄ±zÄ± gayet gÃ¼zel,ÅŸÄ±k bir gÃ¶rÃ¼nÃ¼mÃ¼ var ama aÅŸÄ±rÄ± derecede Ä±sÄ±nma sorunu var 32 gb ve 3.0 olduÄŸu iÃ§in iÅŸiniz Ã§ok uzun sÃ¼rmez ama Ä±sÄ± yine de rahatsÄ±z edici oluyor.",d8f42f72-ee4b-406e-84f8-e6da2453c9c1,2
Ã§ok gÃ¼zel bir Ã¼rÃ¼n,6fb738e0-5e33-4d90-a590-9ff20dc52083,2
ince malzeme... fiyatÄ±na gÃ¶re Ã§elik sanÄ±yordum ancak ....,1fb3b77c-ff9d-433d-9d8e-8bae1a4e4391,0
